soil_moisture,soil_temp,humidity,light,soil_ph,rain,timestamp
39.963209507789,38.52142919229749,77.57960621774133,1277.585271554666,5.890046601106091,3.8998630084050663,2025-11-18T09:30:44.863083
14.646688973455957,35.98528437324806,69.07247576330857,1474.5306400328818,5.551461235739506,24.24774630404986,2025-11-18T09:29:44.863083
76.59541126403374,16.370173320348286,41.81862286846154,530.1281177361809,6.260605607398844,13.118910790805947,2025-11-18T09:28:44.863083
44.55560149136926,18.736874205941255,69.77043815695467,451.0889491736753,6.230361621338045,9.159046082342293,2025-11-18T09:27:44.863083
46.48559873736288,33.55527884179041,42.97879584029339,1125.6219891445007,6.981036422155106,1.1612603179999432,2025-11-18T09:26:44.863083
58.603588152115066,15.115723710618745,34.228353544043166,1907.9939670559997,7.914080082686398,20.209933702911528,2025-11-18T09:25:44.863083
34.36910153386965,12.930163420191516,74.47514672329021,992.2744887312823,5.805095587111947,12.379422752781755,2025-11-18T09:24:44.863083
12.751081689217472,37.27961206236346,46.8206988040011,1392.5401118371676,6.279277690223528,13.00170052944527,2025-11-18T09:23:44.863083
53.73682234746237,15.545633665765811,93.02300080469631,1595.2390820500061,7.848747353910473,22.37068376069122,2025-11-18T09:22:44.863083
57.83199830488681,37.6562270506935,35.75201263337477,552.7691523544613,5.613068222276345,8.133258269081608,2025-11-18T09:21:44.863083
41.09418317515856,18.140470953216877,83.8679380948754,842.1559880484607,6.202336274218452,13.567402078956212,2025-11-18T09:20:44.863083
21.27393799798101,34.06590942262119,34.845791839185104,1976.396485880931,7.430611923241644,4.96789203835431,2025-11-18T09:19:44.863083
10.441769369888192,34.463842853645026,75.94572735009511,1512.2129024737771,7.428175866714865,1.8511162933522591,2025-11-18T09:18:44.863083
38.67725828354181,13.476071785753891,86.10172268191357,1321.9366282896042,6.327245062131623,1.588958757150591,2025-11-18T09:17:44.863083
34.878585737252976,19.75549966080241,77.42440159197417,1347.6034484393836,7.718031856440817,11.805373129048732,2025-11-18T09:16:44.863083
19.567539675064136,31.39734361668985,79.45102816009833,1210.2989556250932,7.427417949886403,12.344889909109769,2025-11-18T09:15:44.863083
51.818626350559526,22.826230550756488,31.652243238366186,394.204568587948,5.578572964216836,15.91026028159451,2025-11-18T09:14:44.863083
35.148478486106136,25.257120734941083,88.99182080519606,648.7260124679749,6.525957307589074,18.888778463576216,2025-11-18T09:13:44.863083
28.303853239329797,12.309397294863789,48.83384443939492,490.19831705720793,7.8242441308564326,20.203009489110425,2025-11-18T09:12:44.863083
60.67230052083388,36.143817705631534,82.23868499844244,535.8261059948645,7.731397496224945,13.483556047891268,2025-11-18T09:11:44.863083
74.595212413125,36.8827389977048,50.67022587317115,398.09346414981815,6.069837906354854,10.677694715656408,2025-11-18T09:10:44.863083
75.44118127379944,35.82191749769031,30.451888484527394,1119.3451446396184,6.543527507871947,5.552695261768256,2025-11-18T09:09:44.863083
19.589229386694626,20.12845514210884,91.28913075431375,781.7652776373594,6.796976554358415,17.575473972379445,2025-11-18T09:08:44.863083
39.09036819034352,39.15346248162882,92.55907417123723,653.2081324856555,6.743121264730964,7.5219577454192414,2025-11-18T09:07:44.863083
32.78723955019741,11.106608420635984,69.6216817086933,1104.8222418119508,5.628696878124973,6.9661616059152855,2025-11-18T09:06:44.863083
82.6612708773323,17.186856720009175,39.4181666859295,1081.0149684996136,7.964126135276501,6.05138178778751,2025-11-18T09:05:44.863083
63.77084379247029,32.84858845986153,45.44644035950598,1510.7894275013473,6.419457831798133,15.807645764839487,2025-11-18T09:04:44.863083
60.68237686087158,26.073240522242756,35.86883505353654,1703.5444920606283,6.30195016242934,4.662962759996356,2025-11-18T09:03:44.863083
13.262011324381113,27.726788295647253,74.04168351974835,229.85809207014108,6.780232645748202,5.662394379948449,2025-11-18T09:02:44.863083
61.61382323275599,15.230992870149743,74.91095297666028,896.1236233409674,7.841824971841836,3.4380236036498313,2025-11-18T09:01:44.863083
37.285308084020684,13.404205637217672,90.10508518810659,1779.2108360857658,6.144854069287889,16.499601150854478,2025-11-18T09:00:44.863083
75.37777601609727,26.65602434798387,64.42728759314042,635.334123620813,5.732756919514748,22.430393948833167,2025-11-18T08:59:44.863083
82.03344457306643,28.993043718198038,52.036936418165546,828.5772343027896,7.3148891971755985,22.42775649881443,2025-11-18T08:58:44.863083
80.96691394120938,33.396266375728715,71.7320570000287,351.4519369910879,5.9040717852365345,22.463854713176982,2025-11-18T08:57:44.863083
58.514324772767196,10.27591154849889,36.595650286292084,1394.3031843945005,5.512653959615546,4.020201285437467,2025-11-18T08:56:44.863083
53.89870314932689,30.756855930780798,72.37748186766903,603.6847570290076,7.28044805336884,5.931227187420002,2025-11-18T08:55:44.863083
36.03197585274142,32.394742153540726,72.22613843806894,1728.6021388895203,7.144032230750859,14.207715083386791,2025-11-18T08:54:44.863083
17.493981426247398,21.031474091783004,47.23815389931215,639.1813580823505,7.932526386881114,9.82744311666901,2025-11-18T08:53:44.863083
81.36372441416907,28.934158779917887,81.66273473020715,1104.7467675893458,6.942259711565898,12.312942345471598,2025-11-18T08:52:44.863083
25.61943902384356,31.67356345784516,48.25020355865563,243.7687395766169,7.113680739767919,4.427766985176223,2025-11-18T08:51:44.863083
85.23668674823314,38.617857310077625,89.46618536432916,866.2856604597999,5.538641541322169,23.207964064693133,2025-11-18T08:50:44.863083
44.254731865385146,38.999644571310085,92.63529851080143,1735.417019841248,6.236122230173964,9.627443215048132,2025-11-18T08:49:44.863083
78.09093372134855,19.50766015468833,41.01702853459601,1202.2422724250303,7.840386935401952,17.400744916874324,2025-11-18T08:48:44.863083
55.604893607149194,12.915294813123056,69.97546973544604,1982.096930187674,5.85021003809131,12.958241309093419,2025-11-18T08:47:44.863083
80.18984575423643,32.22305853262613,75.30602316469242,1464.4713511767966,6.398727878049388,7.339796106612334,2025-11-18T08:46:44.863083
74.74889243828109,34.30340184037542,86.35970070770674,1843.8329946016484,6.778355997152344,12.53790736717999,2025-11-18T08:45:44.863083
73.86361431734201,29.498917923332954,75.62784702175071,1632.4268049849818,7.725013354543916,8.449878921288395,2025-11-18T08:44:44.863083
40.04663621119552,12.819458195226069,67.5882091647513,264.69609283413575,6.66399504533115,13.566115867689415,2025-11-18T08:43:44.863083
32.92330017026275,27.724997817070324,31.982516246038212,267.22673974858594,7.556501401649146,9.004766035281571,2025-11-18T08:42:44.863083
20.16484101215078,25.667297801644132,80.0495809514097,588.4778494943178,7.0572261895475,2.1336866248442,2025-11-18T08:41:44.863083
14.134537693488616,25.94063894704444,65.14128290465692,1347.3738226967719,7.315228334306654,24.396301986563365,2025-11-18T08:40:44.863083
51.30402786409562,19.688694188237378,81.68710265996575,687.4980522717335,6.59742855176409,1.9614095335566488,2025-11-18T08:39:44.863083
12.0280594732366,38.87945244033775,84.33870783329337,1452.7535709686563,6.522382361035675,4.332358001771144,2025-11-18T08:38:44.863083
22.514963413686885,17.50728694493786,65.69973320589783,1486.2726608601122,7.150493441794328,6.998347423648571,2025-11-18T08:37:44.863083
86.38922245305552,32.13690750087305,66.03301341324104,1301.097343221834,6.549000156069475,6.193274737528936,2025-11-18T08:36:44.863083
38.47781429210093,32.735383313931074,30.935576760934133,408.93075291244924,5.615006605054382,1.0182200579742533,2025-11-18T08:35:44.863083
78.43684672088058,31.109735781400712,60.82129889067613,376.10148917180265,6.729039687792081,11.836794269514142,2025-11-18T08:34:44.863083
23.856149592801216,23.01554947713919,55.90280773582927,1308.5301764939895,7.087734127169109,1.132600244301113,2025-11-18T08:33:44.863083
39.9690091701177,28.77579747142709,62.7038568077057,1741.6817141389802,7.146734079047363,4.073360677035742,2025-11-18T08:32:44.863083
15.645499792034387,29.27257834618947,31.723235185205418,1254.396046292234,7.850575603562394,14.386854446896974,2025-11-18T08:31:44.863083
41.05359409652175,29.298646553270594,59.78643788194858,1182.110220768683,7.853662021941313,9.652565945019356,2025-11-18T08:30:44.863083
86.89524510591313,37.160519258681916,42.72642376130427,324.8503415752978,5.751945003443566,0.4555456412887432,2025-11-18T08:29:44.863083
17.555436860474273,30.490203202490704,34.627262149914884,774.1561345287704,7.612188277423636,0.5817983933956467,2025-11-18T08:28:44.863083
75.15747860711487,18.455643243201997,37.680713795407655,1454.126897655471,7.07235711694971,21.936800338176322,2025-11-18T08:27:44.863083
68.80568350431086,34.10442791154546,48.33224721713492,519.3911788035011,7.3765368791021455,20.1708684816816,2025-11-18T08:26:44.863083
89.24041136005387,22.378530307342793,54.181175576530904,1597.5433293355943,6.3520088506325445,23.268933140089118,2025-11-18T08:25:44.863083
78.67302014744095,22.86982082125055,78.80661940644734,1558.1771733524283,5.757809672089832,22.563822666989168,2025-11-18T08:24:44.863083
50.42018979582857,34.79372398323225,50.80322406698976,1811.9418112931608,6.473004196835408,0.270941287007459,2025-11-18T08:23:44.863083
82.4305581135411,12.738600303584008,50.75538644337696,1910.111540691449,7.876517867343891,14.335947203082153,2025-11-18T08:22:44.863083
60.54697697358394,23.453365659349593,49.058700160374194,791.5961816658487,7.181296140192596,18.809363235942,2025-11-18T08:21:44.863083
73.32632349806788,33.68854428383662,35.928396698164875,1089.9565484646466,5.643896900041611,13.738222058093388,2025-11-18T08:20:44.863083
45.32244010987016,36.63112548274899,52.809475815885115,410.7206295696906,5.85747920513209,19.037765792936806,2025-11-18T08:19:44.863083
59.45744506530089,13.033680283683708,35.46694239747483,1461.744436626416,5.681907515910484,20.546501482258904,2025-11-18T08:18:44.863083
66.4993781725197,12.440463419256993,35.51445141553747,1975.9512413021157,6.4356769893903,9.266053676672273,2025-11-18T08:17:44.863083
75.0239653806002,38.41745732151576,94.0900691484866,1556.080733466095,6.4406489638272895,2.087517917466719,2025-11-18T08:16:44.863083
72.17175327419494,26.752127492074152,57.57443060105346,1831.4378931705248,5.777993705765378,12.315627607271479,2025-11-18T08:15:44.863083
10.908291581393526,24.05981925982379,33.659712919319425,413.8722492825294,5.793815616942762,16.230257552901588,2025-11-18T08:14:44.863083
69.68359034123387,27.50106295291479,92.54121565084523,874.7670431426673,6.214280215704652,21.714978204736507,2025-11-18T08:13:44.863083
27.88766708155621,38.89667618321834,30.79004085483806,1945.7818880737502,5.6078997798764405,22.278577842451778,2025-11-18T08:12:44.863083
52.21608872690399,39.78894388357901,34.79677670780092,1196.9377119223773,7.9232563390477475,13.07744610425372,2025-11-18T08:11:44.863083
60.351891050821,30.872460669538516,59.54516920990526,1329.6045441513143,6.96078577980775,22.528950262274723,2025-11-18T08:10:44.863083
13.63571042731663,18.42889568776691,91.77674646497633,1802.4748110036494,6.6391418819642825,15.503314945038419,2025-11-18T08:09:44.863083
32.19049463849061,15.64363479171284,60.14039632109884,836.0340104468951,6.95914027962718,1.9433659241246208,2025-11-18T08:08:44.863083
87.95158461329332,39.586322334388086,75.38051141128344,1164.9734594194167,6.27381904071582,20.344875492673715,2025-11-18T08:07:44.863083
64.77849380431034,14.878508180346738,89.21026699209976,1680.5670372617042,7.87449978322981,18.142987709709,2025-11-18T08:06:44.863083
59.07321567486319,22.547291088718566,90.62735141801086,1758.915001100735,5.6130466752654735,0.6591743624313001,2025-11-18T08:05:44.863083
40.117069350243966,34.31659992345499,94.17294840547139,470.7504039863507,6.985326788380338,9.522271415775538,2025-11-18T08:04:44.863083
87.59315182516826,35.263567694071256,84.49136580622397,1043.6476876309466,6.537048755844163,6.835176798267656,2025-11-18T08:03:44.863083
14.51003973207417,35.9416712876516,82.83856559345504,1999.491811915035,7.991592092684764,13.885792640065686,2025-11-18T08:02:44.863083
71.51899321444084,38.34297189647284,85.22708039403174,645.2265831377558,6.626360338275234,3.2289853787873746,2025-11-18T08:01:44.863083
86.32408218069779,28.1852390335264,44.861782357725076,1409.0612319305421,7.04532060114474,8.954067950821013,2025-11-18T08:00:44.863083
19.08460737597032,30.14719586778399,63.820000558746564,1590.1731051241509,6.800408752779983,21.304537507963502,2025-11-18T07:59:44.863083
54.152547101958845,26.828139146061588,86.98248417279243,926.2691591823146,5.8350380711266014,0.7195669078334743,2025-11-18T07:58:44.863083
70.41098045388952,28.60928654060394,75.76518492644954,583.3354907160393,5.840928688966924,0.3636166416970482,2025-11-18T07:57:44.863083
38.04700470452776,27.697530605638992,55.495862931482606,987.4548596427123,7.760396736234371,8.70638667558251,2025-11-18T07:56:44.863083
51.119159132784866,33.50959038223429,55.77528085088256,1319.7560604101723,7.655909271866863,23.73801559144105,2025-11-18T07:55:44.863083
21.765878474323035,37.79762875484484,61.98755905016998,664.8398989381251,6.647839390595653,24.500814382136927,2025-11-18T07:54:44.863083
49.40944751942957,19.862548308625247,71.17105553058718,632.2621138007476,5.6896583202716595,3.2219930477662304,2025-11-18T07:53:44.863083
20.243667116621793,14.55708080536883,39.02376622221166,1353.5745406457863,5.954700210997862,8.64168208309658,2025-11-18T07:52:44.863083
81.74307279248094,24.218849207886173,73.39125300386677,510.1757681629337,5.980722547021677,1.0217154066619716,2025-11-18T07:51:44.863083
23.514805045773166,18.35771017095876,41.505681477988546,359.6645607627001,5.801589677751502,11.519469200818143,2025-11-18T07:50:44.863083
26.5066974724634,20.928095831442263,62.722122605565694,1442.7106915328575,5.598280349602748,19.985259972726066,2025-11-18T07:49:44.863083
60.23203115927262,12.452770958466157,86.78261056694052,1857.5703209572637,5.65269489963716,6.921941203680094,2025-11-18T07:48:44.863083
74.4961023834449,32.447790711509754,41.99386625816453,576.8287820060785,6.426180256978455,12.113074629775532,2025-11-18T07:47:44.863083
59.460381722423676,21.067409187093173,60.064756548654614,1545.4476886407617,5.591708007226495,6.310923608600519,2025-11-18T07:46:44.863083
67.0679668707642,36.856205130615976,63.2590337375183,1157.8042734775681,5.76793002834944,11.185309170586367,2025-11-18T07:45:44.863083
52.60938131640185,17.27411510904189,47.50081001170976,879.1114935883207,5.550177994444316,8.051979139579457,2025-11-18T07:44:44.863083
26.91584055972357,19.82492056533744,37.78453856825133,1802.9491053318109,6.983981133885122,16.97755797861224,2025-11-18T07:43:44.863083
73.13369908858706,24.95326596787172,35.649818725682536,1166.791775273386,6.967102795052198,18.635986854608248,2025-11-18T07:42:44.863083
44.53276369837435,13.827409083866913,48.44543387691709,853.5481335175432,7.114793103329003,14.269457616722796,2025-11-18T07:41:44.863083
38.4877380718277,39.59545746378939,69.37536325819767,627.00822512479,5.754456181551009,3.8214784796083006,2025-11-18T07:40:44.863083
29.67661827076065,14.820441197786671,42.126856563334876,713.1713036489248,5.933433988236887,22.41913561566063,2025-11-18T07:39:44.863083
16.418699652931377,25.735341687107642,56.675793754328,1968.2815104354916,5.780097255420131,9.946389976143541,2025-11-18T07:38:44.863083
87.55763466202951,35.96521377681941,83.10968461170319,664.2250886808918,5.927218968475165,16.716080498110774,2025-11-18T07:37:44.863083
84.35007913020686,26.702886790417892,67.15482481554349,703.9623685885115,7.423732332979842,4.6760937139380845,2025-11-18T07:36:44.863083
35.89433891233949,22.763093158492502,62.994674614489576,636.3375183471444,5.787092061848009,15.265501061040816,2025-11-18T07:35:44.863083
33.09044425922046,27.437146642678368,40.03357649282315,1066.0521833386715,6.831473581378964,1.2955884205606727,2025-11-18T07:34:44.863083
36.92834225551365,14.032440308169228,34.1193730807299,1981.9284183019015,6.305884612436808,20.246861146365873,2025-11-18T07:33:44.863083
30.371252381101108,30.44508166671788,79.41481089282962,1272.1497330941197,6.678940471375396,10.296022853681713,2025-11-18T07:32:44.863083
37.90946132343962,37.88587432743478,83.99026150620239,1937.0484391997227,5.810743058713862,18.271686880091107,2025-11-18T07:31:44.863083
85.06723654568303,15.436991984969804,34.32225737884054,1534.0171687221064,6.93618278294978,21.0457194189568,2025-11-18T07:30:44.863083
21.18179013010316,33.858019355796706,43.1057758031034,494.5806971582681,5.910664494827483,20.364368005784552,2025-11-18T07:29:44.863083
63.21577765569601,25.69196274307358,53.32398146802766,1778.9609734635949,6.481112768556589,20.41498598678943,2025-11-18T07:28:44.863083
45.13079268561747,21.308332882747226,60.07418606852442,742.4801734954557,7.369023450440627,12.568009752311978,2025-11-18T07:27:44.863083
28.577015611745384,36.987237198237054,54.95292938925874,1178.3951500051794,7.766180277411367,15.605949897849802,2025-11-18T07:26:44.863083
19.351843256669127,38.19496370840425,70.80102344964216,802.830106382755,5.848180181658468,19.8506297317574,2025-11-18T07:25:44.863083
59.60582047428108,26.003832759289647,88.10301789831225,1619.4749802041554,5.879187199331878,7.793051694888706,2025-11-18T07:24:44.863083
29.87913118515726,32.31838877718031,32.17960825782566,1225.8014327683698,7.406146714351726,21.919140919043738,2025-11-18T07:23:44.863083
37.366539897272595,34.637719140160385,37.19106290208847,1723.6141251221327,5.818721655829956,9.932182264009182,2025-11-18T07:22:44.863083
73.78362926236429,14.497522820463214,44.9013406901217,1500.0546231075193,7.300091341365186,16.028690822132432,2025-11-18T07:21:44.863083
65.515875557368,26.281733300427884,46.36693882895193,822.252788307055,5.953994292003564,22.711264033340708,2025-11-18T07:20:44.863083
56.671343581289634,22.025542502909197,60.030377236868624,1905.1100113012676,5.8833785077902006,14.65574580041993,2025-11-18T07:19:44.863083
50.47109431075728,28.343627063039435,31.177161948354634,1769.8230360994726,7.83029570620903,14.128329589730223,2025-11-18T07:18:44.863083
65.73206591015138,37.67498143531887,75.9705112303709,474.5702772456704,6.940720900417033,15.167876159571398,2025-11-18T07:17:44.863083
43.93045370419088,32.09332706874169,90.73385595998596,1866.0233232321973,6.6270984285103305,2.830951146018881,2025-11-18T07:16:44.863083
88.78729591698676,35.166942593378025,38.10307427821235,1857.5153887112701,7.674740905155321,12.970951428151803,2025-11-18T07:15:44.863083
57.30203485959434,21.970081116103906,33.559506523432034,803.3550349626216,7.507133621495028,0.11580057511507147,2025-11-18T07:14:44.863083
36.679933735291534,21.9450608077283,64.93071419096498,1855.7401095429689,6.365864985914903,8.673830047405692,2025-11-18T07:13:44.863083
69.00009984877987,23.566538226694213,44.599313491098826,1014.3911290388481,5.8521425509495,4.409674662655583,2025-11-18T07:12:44.863083
49.869421819158376,22.56776348513644,89.4649835694265,852.3090184099397,6.951470875695109,15.80660719798826,2025-11-18T07:11:44.863083
11.047556527066691,29.906121160501318,41.57233784653384,1929.9265714450194,5.871656819382783,10.365603093175594,2025-11-18T07:10:44.863083
16.82797344629151,39.90622755537842,62.64267567153077,1271.6930311760789,5.667691193471069,18.749011759979446,2025-11-18T07:09:44.863083
26.79244744764686,36.94162868322141,43.33407663133047,543.2378971945998,5.591374169620237,11.801673627749981,2025-11-18T07:08:44.863083
55.187290661009314,11.97125918285057,80.40929508517569,1015.9199025464497,6.81097567331895,11.019068673455704,2025-11-18T07:07:44.863083
42.06104487002608,26.789209939246536,40.090615985496314,527.4706348914881,7.654464052533793,23.652886553340817,2025-11-18T07:06:44.863083
39.864745302380236,18.122340194306613,71.85997031053603,935.7215079765735,5.563465889150862,3.903814934154759,2025-11-18T07:05:44.863083
67.2777783077918,29.76771825730454,31.761239512726426,599.549891479309,6.077686991470179,16.79731858996821,2025-11-18T07:04:44.863083
11.576843020349132,13.123257459537214,81.99454554925731,521.3803916978005,7.131865269629687,5.954569526168163,2025-11-18T07:03:44.863083
17.955311420747613,17.295165729983623,76.94735057061784,1740.2536425913142,7.5755496614174795,9.92958824046137,2025-11-18T07:02:44.863083
63.44681092565169,16.14952886247463,49.05460246696586,1813.4044733380156,5.5325048087768405,2.1377132713617018,2025-11-18T07:01:44.863083
26.630900411682184,10.795966116214592,41.793303280836824,1249.474809745446,6.553561376481245,22.31679277692437,2025-11-18T07:00:44.863083
75.39548493907527,20.254520550936277,46.862523173034006,883.4463347010804,6.975737356287019,6.7015910205719065,2025-11-18T06:59:44.863083
59.93191262793072,22.282349565737213,65.8830667553787,985.0277524435701,6.236164398854794,23.711332674053917,2025-11-18T06:58:44.863083
71.08846353278086,14.203395272993577,86.45041843336433,1077.3761568491245,7.736380567235228,19.996381398682882,2025-11-18T06:57:44.863083
44.017080357538674,10.674079249603523,47.464028360021494,1174.9415863895606,7.083695549565368,6.447192135830057,2025-11-18T06:56:44.863083
21.14848592582593,35.04790710397897,93.98614174573089,1146.2423281448346,5.929198214620759,6.807683162984224,2025-11-18T06:55:44.863083
11.471254123797339,37.428964196814974,37.65382038785917,1237.7296559256565,6.185138051718015,13.854450062894836,2025-11-18T06:54:44.863083
62.11363106814914,34.89225411121605,43.41738266443921,219.79249158526486,5.842214075172018,22.50046604620263,2025-11-18T06:53:44.863083
79.91120620500122,27.922393065109247,69.03359592818747,1397.0660141832598,5.938428196558624,22.860298648123994,2025-11-18T06:52:44.863083
43.50164199136585,21.494155847484926,63.72965084338444,284.5387401950991,5.915708421890199,18.45084041065926,2025-11-18T06:51:44.863083
16.623893434010117,28.094563283991647,45.94769212928586,900.7321052755577,6.22173434192675,8.891817911623729,2025-11-18T06:50:44.863083
67.52367241473964,18.91365146869525,66.81630161929832,1056.8907239583793,7.15917791340662,23.42074348311895,2025-11-18T06:49:44.863083
68.60576777682002,16.448211357722702,32.0269037789835,672.0752797396851,6.987694826750637,1.2856453371062586,2025-11-18T06:48:44.863083
49.70929977609891,27.905285467506676,51.72585290310245,1587.6419667424796,5.766495632834429,1.878444543395219,2025-11-18T06:47:44.863083
68.25510049628826,24.864739486185954,74.74615576780283,982.6892094867433,6.116005083097767,20.477557941854993,2025-11-18T06:46:44.863083
73.95327031751833,30.840894125632804,47.689433919947575,1262.4152003643567,6.402434742350067,2.289551833165854,2025-11-18T06:45:44.863083
83.38508603697943,14.104558927568842,91.76542799835215,1002.8103913243203,5.962832322096549,13.547523684458953,2025-11-18T06:44:44.863083
79.83566687011266,31.966746592286835,82.42647461099423,1385.8100600792911,7.230691411294631,21.229891289132983,2025-11-18T06:43:44.863083
29.973440708734877,24.682748909294215,44.378613718274146,1977.8024143939647,7.860148349216534,0.9856702842126475,2025-11-18T06:42:44.863083
66.44601380125508,37.757449522469976,41.73739743327668,1222.301414994733,7.788720743970105,0.848649464644971,2025-11-18T06:41:44.863083
65.7936213797472,18.920470221176522,90.08575269947448,1947.904841297662,7.860666222783585,11.855355416436595,2025-11-18T06:40:44.863083
78.96341207914507,35.33648195605211,50.741530760811614,1692.0478534712192,5.592519086788732,14.906746962051326,2025-11-18T06:39:44.863083
28.400706983016242,13.617006573318363,35.001958105898595,1453.3197965806517,6.349687409420166,18.119169288219037,2025-11-18T06:38:44.863083
15.22850726391539,19.45871013491831,65.06693400439693,1623.3016967101344,6.296881257330175,15.647284410925227,2025-11-18T06:37:44.863083
80.87821985889497,28.475895645469137,45.142365858986196,243.92140680176843,7.675247184752324,0.5317352712596785,2025-11-18T06:36:44.863083
79.97613381473596,25.86811402081636,91.03940040333825,1637.8098243925976,7.994835276333344,8.767795386292754,2025-11-18T06:35:44.863083
71.37506311449016,22.057927408277266,61.191915319754074,1329.5098337930663,7.6841927854658465,24.60208672998238,2025-11-18T06:34:44.863083
71.46187310916146,22.533003465020013,57.38820514800956,1527.6481428600048,6.096942864420756,2.7618528282848667,2025-11-18T06:33:44.863083
38.36977261126212,18.61716974962245,49.260027829639355,620.493951889838,5.605232974090905,0.44684836833534525,2025-11-18T06:32:44.863083
89.01779117888252,22.83319401207587,54.98123206537931,1423.3651088475258,6.045634719662661,23.749029598755634,2025-11-18T06:31:44.863083
72.90760115324417,12.682330069367787,57.14275042602034,1782.4129536118965,7.861830055728525,11.685037781246743,2025-11-18T06:30:44.863083
59.07291113685662,15.011018382762256,94.42596069890348,617.0090624901982,7.856829435337814,16.241166224809213,2025-11-18T06:29:44.863083
58.61894359030873,25.38065533049526,44.993537761654316,517.7504576099149,6.051215522675438,4.660956553606363,2025-11-18T06:28:44.863083
72.36675788534026,20.5037577750019,33.759773976620764,1944.3847342534605,7.709464712408565,23.193807079880322,2025-11-18T06:27:44.863083
89.59262581171483,15.216857476584618,55.755731228672815,1564.8292562673644,7.240051545134481,3.8473976584963765,2025-11-18T06:26:44.863083
75.26664999924942,16.73321715509982,44.5481449634705,1166.5539612081443,6.982349837104258,14.50215519594528,2025-11-18T06:25:44.863083
17.31894699182039,36.32382587891141,47.2640027682659,433.1268583090475,7.721870199672443,23.891287455743836,2025-11-18T06:24:44.863083
78.97020938123605,34.285482241746344,72.59072874153641,1191.5432670964508,5.717466899778525,10.211330326767468,2025-11-18T06:23:44.863083
39.81508136098512,17.792613512809787,77.02230738975803,1092.5763231417875,5.70261553976912,5.504580048745283,2025-11-18T06:22:44.863083
64.66070109276768,12.283925784709005,85.32844941316996,1091.2637486251538,6.70146644331662,14.81019461648794,2025-11-18T06:21:44.863083
75.97447727401193,20.43427623706579,74.07104991633913,1218.3175351924237,6.167570675423553,21.96574965887895,2025-11-18T06:20:44.863083
73.79408172855425,29.753555039752765,85.28781239112573,1761.1295617276442,7.270907441787587,20.9253332090918,2025-11-18T06:19:44.863083
65.79771693354269,30.404223152809013,70.20973958398699,1554.8899512037542,5.896512763232685,22.02176897997321,2025-11-18T06:18:44.863083
79.74748221961856,10.877418491036774,83.67808878670957,431.9657614522014,6.337797135647855,18.587706407290195,2025-11-18T06:17:44.863083
22.860791683864655,34.53901072357186,84.08872156725323,1113.441920769505,5.515964679292084,7.1759533293728195,2025-11-18T06:16:44.863083
59.35415347005937,39.435585340822705,71.06787925608344,667.6464459154877,7.0850142577490285,13.499634492896387,2025-11-18T06:15:44.863083
72.3876316120915,13.209419164808752,79.46681366263182,1174.2798416169985,7.907480009647486,8.546804150967152,2025-11-18T06:14:44.863083
60.60975145071585,37.960843165300524,36.66313231939415,1887.0112770256121,7.219714305752033,1.6959264776292975,2025-11-18T06:13:44.863083
34.0770853557453,31.24516265935845,34.37778909547016,1247.906828317292,6.364707642382392,15.522887944186929,2025-11-18T06:12:44.863083
13.659362705001028,36.146104184571286,93.2767829965308,1943.9801395142447,7.374129579357312,3.2521560032657995,2025-11-18T06:11:44.863083
70.6610556743218,10.737607493764045,31.438030849384823,782.4983944691743,6.721607976011665,19.26018544519483,2025-11-18T06:10:44.863083
64.66363012852042,23.37708119130245,47.78573330830828,1994.8241002838802,6.565453255589932,11.284675608241887,2025-11-18T06:09:44.863083
23.089905695333535,33.84428646249788,75.08934467579675,597.3853030197687,5.705952614039607,17.012482551867826,2025-11-18T06:08:44.863083
62.36089714249082,18.197785809946282,91.80613154627667,471.9042052056204,6.580837002606505,23.59039800418997,2025-11-18T06:07:44.863083
43.57818535408978,29.155778429922567,55.843635867581625,693.587364227606,7.95994411989957,10.233350157876075,2025-11-18T06:06:44.863083
81.52793629433076,16.898638176732586,43.851805761630416,256.04134919212044,7.129167063439713,9.213158593094029,2025-11-18T06:05:44.863083
79.14865998717096,24.196297200746713,92.9325728144569,533.945928265618,7.671557919889027,19.414921319793542,2025-11-18T06:04:44.863083
71.67374757152416,35.34349684350663,79.46655941129492,1327.1965789365477,5.828112194205969,0.8131544872812979,2025-11-18T06:03:44.863083
83.66782782525495,28.49950943562214,81.77492391345146,1066.74023272259,5.793270472405986,3.129644805063761,2025-11-18T06:02:44.863083
64.84522297831771,22.909176846983883,43.03410723552189,1084.8701841345865,5.660522342687835,14.54928504785997,2025-11-18T06:01:44.863083
31.519472354807814,33.92677301911564,50.17352733003229,1019.3962683472422,5.529051349770252,1.811172194863972,2025-11-18T06:00:44.863083
41.399484512534784,24.398165041513707,69.00133562775474,724.9926416767458,7.237454715316357,21.503059929730114,2025-11-18T05:59:44.863083
72.38807911146799,11.188564760450713,61.23295157175888,388.87432115271474,6.105112539656319,24.666564831678663,2025-11-18T05:58:44.863083
21.39964343212106,24.966644603540683,70.18012273067774,1464.4369469793871,6.899121708717285,0.24427118547959148,2025-11-18T05:57:44.863083
36.11690465951935,25.531349301541344,35.711322444414165,831.1284761765254,5.583007771978417,1.9644624288755186,2025-11-18T05:56:44.863083
41.75386209612768,13.981472621291811,66.89015513700127,1441.0369444470784,7.501466747772707,5.003756106120252,2025-11-18T05:55:44.863083
23.39860658072558,13.137035210032007,71.36796622033638,1471.656307676422,5.578965362064105,23.405306156092244,2025-11-18T05:54:44.863083
14.157702692117793,26.238890059032116,76.08893376430956,1767.7444227429542,7.285217330331069,20.043202076744794,2025-11-18T05:53:44.863083
37.15601540342448,34.44475341239537,35.20746501500388,1810.6699809089498,6.868980940384341,20.432444249062343,2025-11-18T05:52:44.863083
46.18546276146401,29.30733085589575,64.21617296084736,1516.8611391595973,5.704074955076474,1.508802099764095,2025-11-18T05:51:44.863083
29.768258720811716,14.78634040339565,86.66593182849311,594.5851772444798,7.939663139547829,8.422394794277672,2025-11-18T05:50:44.863083
24.569433255095944,33.690955214274375,72.81600540755696,1096.7522896156502,6.888408877344078,17.980044456806596,2025-11-18T05:49:44.863083
28.276379306503898,39.89001748170226,93.3615555395409,1370.5862354244864,5.998856127322862,17.005706060782284,2025-11-18T05:48:44.863083
15.775872718334067,10.919575066174183,46.74938775322889,1032.7213221307693,7.670681263520951,18.1792267441577,2025-11-18T05:47:44.863083
69.41652169599848,22.76480003344226,52.48577451555259,867.8697733722848,7.969123909340144,1.002729785312062,2025-11-18T05:46:44.863083
79.36251968979589,27.3602622571718,58.510002247323385,1505.4637887472456,6.716672353561757,21.835580952041514,2025-11-18T05:45:44.863083
82.05614912090068,22.651627806203663,47.99380682027835,1266.2305914680521,7.780908364041728,5.266554725141664,2025-11-18T05:44:44.863083
59.83732668507862,28.946806602775617,77.65234645699326,436.82183322906764,7.289562411705221,22.725813016641023,2025-11-18T05:43:44.863083
24.374648709619358,17.12629974771633,93.14068111270657,525.7585148770816,7.635962733423948,12.306946411200869,2025-11-18T05:42:44.863083
29.778485952254165,36.12249703817534,58.94484157517326,1126.6712370734424,6.398083423499414,14.823771285873185,2025-11-18T05:41:44.863083
23.08190980680182,21.73244609955282,93.01180095179369,664.6401788620296,7.14184166135323,8.129751605617372,2025-11-18T05:40:44.863083
71.87785005492805,13.926209821550495,93.03836793010541,1016.8211744905507,6.09012615836616,1.8374186832503163,2025-11-18T05:39:44.863083
23.580632407003257,25.593218456680532,51.90520646803361,1691.9900585886971,6.577218809154514,6.217856814690748,2025-11-18T05:38:44.863083
59.371598928322406,31.203316506563375,40.85772401356174,501.7145893189718,5.591678567333857,18.410050376641014,2025-11-18T05:37:44.863083
63.10436220974441,24.238926272494417,84.87107918299782,1650.2062753100956,6.96338591099188,21.706782012831464,2025-11-18T05:36:44.863083
26.467296802941462,13.357588581931836,47.53372474860433,302.75634096076675,6.82792382000258,23.415142307374037,2025-11-18T05:35:44.863083
13.147483253480772,13.663297420300804,59.392936838423296,1880.9750315502288,6.290390262441877,12.680870217209812,2025-11-18T05:34:44.863083
13.325828724031368,14.450296028862667,94.13095799232505,1937.213653584882,5.512349952336024,23.795294635580973,2025-11-18T05:33:44.863083
61.12959502524003,36.03754883560066,59.55809061620084,1128.0728514426505,6.7221164506423,16.67160643865261,2025-11-18T05:32:44.863083
21.172100380505032,10.899207696180339,50.01544620342741,1468.425372925964,6.004633630307371,16.835810833122935,2025-11-18T05:31:44.863083
87.59296368858163,12.817021473682551,73.71913768463321,998.750394748228,7.670355635943763,4.4287447361846475,2025-11-18T05:30:44.863083
65.41007617809316,35.14345868944331,91.3999242658115,1429.8464509213625,6.7429369100210685,15.446181005030347,2025-11-18T05:29:44.863083
79.51239875829745,27.11829239916489,31.975158880294394,1875.70765191256,7.223816877578903,16.912834644431165,2025-11-18T05:28:44.863083
27.254012191817374,29.766564106979715,55.6011863675203,1372.2193586746857,5.7664825757699765,16.4461326150759,2025-11-18T05:27:44.863083
89.95309806165332,11.44636116581668,93.51632197438562,932.434329301167,7.676883625843148,19.559637101456836,2025-11-18T05:26:44.863083
55.36130087893342,32.153476277539795,87.10351148458761,927.4525789718593,6.317582903908097,16.689834639089618,2025-11-18T05:25:44.863083
74.62767535530068,32.868554043298474,81.85788717581124,984.0499666632794,7.544585540437554,3.005226384265211,2025-11-18T05:24:44.863083
53.559127836867965,10.172759814943648,51.09807894351757,859.6307627685162,6.490431729023139,17.386680167246553,2025-11-18T05:23:44.863083
41.08464810162766,23.460808678675917,45.440368506831284,871.8532249328122,6.068174068157878,1.829898094211091,2025-11-18T05:22:44.863083
58.275887470510234,30.046383956650487,70.26687249062493,1034.2892788410302,6.449464450448074,21.58334123929563,2025-11-18T05:21:44.863083
51.526542810897446,24.37545632889193,31.66673427741832,814.2460897270814,6.450489046964643,9.970569522422512,2025-11-18T05:20:44.863083
56.413789538186585,26.008076401806353,69.5138310315739,1576.7898707758309,7.532464346790234,17.95307690566236,2025-11-18T05:19:44.863083
86.44189567639478,10.546977480290849,42.7255690694305,213.6131749606558,7.118686785386507,22.450763723749674,2025-11-18T05:18:44.863083
29.478583726103942,37.8110363438892,33.917380368821455,1881.9848482499258,6.379056718099086,2.535520711230413,2025-11-18T05:17:44.863083
48.86974073490605,17.70329703161524,48.51673862752499,753.1219368673159,7.507564744581659,13.479031916881363,2025-11-18T05:16:44.863083
34.90461593248029,28.31001349932755,76.54979382450759,690.7232013203608,6.5338727538133785,3.0471523334236887,2025-11-18T05:15:44.863083
24.491947962774425,30.433535618949485,41.79349260021575,1145.2940906007084,7.272615654306081,2.671923077368596,2025-11-18T05:14:44.863083
55.38497757031229,17.696883511040912,92.59024689044269,1070.3821640958645,7.5149813744378955,13.755663553906544,2025-11-18T05:13:44.863083
13.473002628385533,28.994541267820672,91.84121724343271,1282.901276263396,7.547972148566975,22.105161583710196,2025-11-18T05:12:44.863083
28.246381755914598,16.3613451972468,69.71376427531446,939.8512456520684,7.599653257166801,22.50057808495028,2025-11-18T05:11:44.863083
38.27371034421745,17.10611676923446,80.73415849085102,694.6508639866449,7.556535796284196,10.59345634121907,2025-11-18T05:10:44.863083
63.403991943317635,12.866059415040045,70.55085610397725,1013.1818217270124,6.966521157938685,4.2003551936215855,2025-11-18T05:09:44.863083
68.94989959553456,35.88391232629685,44.08808700590042,372.2861999362911,5.559096465115841,16.04928751108165,2025-11-18T05:08:44.863083
58.56752288710246,26.4009223814221,45.0765612475384,903.6307926299264,6.986190837965433,12.419171471479235,2025-11-18T05:07:44.863083
89.02284161719098,14.093192576701995,75.18439601309359,927.7737825877258,6.570499037314037,17.939944141454404,2025-11-18T05:06:44.863083
65.39489210594957,39.73767981106565,38.345628814518136,387.3973688914994,7.310847042821853,14.459672925160227,2025-11-18T05:05:44.863083
31.932853324784467,12.382581069669598,35.56778622376798,1809.5435743954129,5.979668311796857,8.08428905288802,2025-11-18T05:04:44.863083
28.13251217815904,20.64988917495812,34.512549778496066,1134.3076236348866,5.669031408980537,20.00891269555904,2025-11-18T05:03:44.863083
28.696966552834642,26.200357438135317,87.20514069149479,1371.5792642849494,6.8323944663783385,8.10834382788439,2025-11-18T05:02:44.863083
36.64015304465583,30.084608655945704,94.6190584793759,1391.3105417288816,6.8944585434250625,18.266262755981153,2025-11-18T05:01:44.863083
47.21644898269745,11.804270278023557,66.54929303206413,1923.7255121096844,5.938257355894149,17.250122270516645,2025-11-18T05:00:44.863083
26.074695092724518,26.074830534192436,36.28396922703678,1010.6676852647332,7.390408322238115,8.689288105974551,2025-11-18T04:59:44.863083
63.19293795897744,33.86349882369188,90.26655826616442,622.3557473398164,6.4982897895232705,3.8104003332604357,2025-11-18T04:58:44.863083
89.39868017267001,37.81002903772886,65.09721346823638,1715.6599298775584,6.802394943180105,15.589642200068992,2025-11-18T04:57:44.863083
17.12995456928133,32.65811261490424,38.30137643629026,1686.9217344545511,7.455070219175965,17.71861744357441,2025-11-18T04:56:44.863083
12.89283044198097,19.093850678359857,47.10231704420478,848.2455334487344,5.719106866909597,23.42394557577657,2025-11-18T04:55:44.863083
54.3041792569901,19.165729319740706,55.80379860982842,1004.9645729087042,7.001485833401543,12.891985692412444,2025-11-18T04:54:44.863083
83.55135785715339,24.908904487174908,94.49027096351533,1732.5649239411723,6.0212762858933395,23.264880366097906,2025-11-18T04:53:44.863083
19.309311830838087,34.523491254735745,54.74051407597771,1780.3537768011252,7.670141725268626,20.148135002940528,2025-11-18T04:52:44.863083
73.20243490456491,19.140374172941222,35.25975339833139,925.3643217772906,5.933811287466272,17.373777222561543,2025-11-18T04:51:44.863083
37.687978123022845,39.26830602579744,71.66318502744659,1680.4650145418498,5.831311681854621,21.550362056815565,2025-11-18T04:50:44.863083
83.82057524107155,24.611857564568076,69.40644095381353,1576.6576416253918,5.9370965681510315,12.56415191158606,2025-11-18T04:49:44.863083
41.89304222178505,14.391219764867474,53.889737448949546,322.71015689388844,5.564529767373718,3.379157228870569,2025-11-18T04:48:44.863083
87.0492089271339,26.48588607685051,92.7784404749593,978.4961809942375,6.2795403327131485,12.653546571006103,2025-11-18T04:47:44.863083
45.16093509063281,13.169940527852317,71.65371045486341,588.8687285172794,7.048969887244574,16.255027309953835,2025-11-18T04:46:44.863083
22.16198825029185,11.840488813320045,80.74950309444858,1027.6407627847764,5.64540948876369,24.87165792924418,2025-11-18T04:45:44.863083
14.622444879709331,30.851056865756597,93.93913014212188,630.5241875886661,5.855623421717991,3.034623485560722,2025-11-18T04:44:44.863083
34.262011805407646,13.031374330319402,74.99048721011857,312.12523663411287,6.7735553203744745,24.91742134632442,2025-11-18T04:43:44.863083
75.11762156048151,28.456583146930328,49.90648535112976,1323.0125053249492,6.817603659779129,10.652084597259288,2025-11-18T04:42:44.863083
20.45683013921596,36.598126457214,59.23600217338596,550.3205212773771,6.419398377193224,10.353243813223175,2025-11-18T04:41:44.863083
76.20303164534994,32.00843141684206,80.0048180866871,219.85627597156497,6.540384995449404,12.03360379088309,2025-11-18T04:40:44.863083
11.535382145844535,17.79439626235103,79.41883850293877,446.7974703121983,6.838275328631479,5.380046800430938,2025-11-18T04:39:44.863083
10.969661971511462,17.236043727986242,93.4317940691535,1642.7668013893813,7.898941610802583,12.196351098159061,2025-11-18T04:38:44.863083
18.778895894200282,26.43878466921079,59.53452674639746,1719.8427489313087,5.745206451960612,12.206028425544455,2025-11-18T04:37:44.863083
22.00389317551874,19.740277806701798,77.92821003020697,1056.8326328637797,6.439720712864423,9.861906964250883,2025-11-18T04:36:44.863083
46.75574147247893,33.55049631511171,87.98550478111524,1919.602435707071,7.4672584656382375,7.885172393700318,2025-11-18T04:35:44.863083
65.05077648692337,23.128093721661756,46.55359043299333,1713.5688429666607,5.596065872405813,22.544049803385587,2025-11-18T04:34:44.863083
46.91819716997873,29.116044304248412,72.85800494337587,1811.2119332717655,7.091674205418018,15.348339619001544,2025-11-18T04:33:44.863083
15.332163244855197,25.552240658356123,39.76098505310771,1527.3807836986741,6.780554802031686,17.00569448020883,2025-11-18T04:32:44.863083
13.333832048190741,12.543760481374097,76.56102022407435,329.75180479761207,5.678141819413146,0.30271188087218626,2025-11-18T04:31:44.863083
86.5201118639584,32.12525078377021,52.96134155263417,733.7640463177794,6.374258074364624,19.366338279529547,2025-11-18T04:30:44.863083
62.90964888563315,15.555867036024038,41.31710679671548,377.11216948411516,7.150756799253346,19.109316555543398,2025-11-18T04:29:44.863083
31.203714266000322,10.628348830927385,35.34115838596778,1942.1480627210549,6.2386119436935505,19.23057869595334,2025-11-18T04:28:44.863083
59.9730855083411,21.458189189586875,43.36967204271108,418.49555268693155,7.0375324200971665,19.3658445159447,2025-11-18T04:27:44.863083
61.512340283290456,25.90906399747475,32.72682952305636,1943.2797996698907,7.496785479136436,7.320550917524119,2025-11-18T04:26:44.863083
88.39762634870806,28.056447689089662,67.85747278347102,1546.5317229731577,7.529424470225344,16.411965183287567,2025-11-18T04:25:44.863083
20.247659709296002,20.148025179834953,90.32543662119323,604.3081013189335,6.430417559593783,10.8019220736049,2025-11-18T04:24:44.863083
45.15239917555618,28.388187474835764,91.299929453406,633.2468812985089,5.8037534407522955,4.936762246498433,2025-11-18T04:23:44.863083
80.95399201674157,29.37432437965618,48.583941300545405,1668.704490143511,7.65342499090859,21.16285846725695,2025-11-18T04:22:44.863083
83.51412269116436,17.567230605200848,79.07772536850808,1028.971095093452,7.604996382225154,18.21226692904033,2025-11-18T04:21:44.863083
72.11579571997797,29.684855130432144,41.532870015530946,1181.048454014489,7.96167434881127,23.434701662427972,2025-11-18T04:20:44.863083
13.453898863760934,14.944444471883113,38.562370274546524,1506.763837973532,7.544463324642363,5.337784157766798,2025-11-18T04:19:44.863083
50.46821543614632,35.221090840336004,77.6321004098063,1176.026969885327,6.975869226146932,12.709013672906998,2025-11-18T04:18:44.863083
33.803876105505644,26.950659785770483,74.7775446332559,1771.9812485494538,7.09072838494812,19.02803842607895,2025-11-18T04:17:44.863083
22.80573079636584,23.846724232593697,30.606555288761065,644.0219561389215,7.316154287782512,24.795248783734085,2025-11-18T04:16:44.863083
17.934247966977274,22.044829475838647,82.00461296544538,567.2641423320179,6.887712373255716,18.32678240074187,2025-11-18T04:15:44.863083
59.278836020814325,15.640742038462484,53.099996964573066,1610.825212073715,6.885566285330041,0.13074033857281842,2025-11-18T04:14:44.863083
70.8792608022475,11.059340648207172,78.47269587753009,564.4650082974274,7.895183700298451,9.198518782552112,2025-11-18T04:13:44.863083
36.15452930704633,14.46664150997334,49.864274006863965,1777.971371290761,7.990835844068118,9.207738262671208,2025-11-18T04:12:44.863083
45.8888504763634,31.66212814608211,87.60272573022985,1267.4798015362114,6.478814245444573,10.315546021215594,2025-11-18T04:11:44.863083
65.64945171974455,10.096547908128361,70.27330693488965,839.8874187944433,7.48549332819271,2.324765995578304,2025-11-18T04:10:44.863083
57.05618135587124,24.429186696583713,71.75115918383977,316.736470069343,6.949959468570328,14.037114698988093,2025-11-18T04:09:44.863083
54.85280755329367,28.104629997893646,73.97041591971355,1648.9801994253855,6.174551800320536,20.62623525450155,2025-11-18T04:08:44.863083
49.86045458107629,12.311748374029936,33.80581040085865,801.6289736529094,7.462242442778669,17.692023368522893,2025-11-18T04:07:44.863083
73.08919717379251,25.51807169324828,58.61293486710689,465.4145480713111,6.320481884023279,10.850484154346882,2025-11-18T04:06:44.863083
17.08803437436938,16.618358581336338,68.88464411414301,1524.1936056305417,7.995868778482374,23.32783328358894,2025-11-18T04:05:44.863083
61.40521596281532,22.63744159882216,71.35152870603513,1614.1729125444176,5.795840477308468,10.247622242407207,2025-11-18T04:04:44.863083
77.18418285084938,21.51498855799132,67.17169762976712,1257.9848495519568,5.961190632834098,9.05588604130721,2025-11-18T04:03:44.863083
36.76090309935457,10.785901255961944,31.57246465293809,1697.0546786163923,6.1826770249320315,12.951969155970385,2025-11-18T04:02:44.863083
33.898045887101844,38.220377353460215,46.85428932627529,973.3822629300831,7.681825626211505,21.048339169795216,2025-11-18T04:01:44.863083
24.888113427702187,34.079299293871316,59.78214763796302,1069.3439697536394,5.83369993103986,2.0150378439281162,2025-11-18T04:00:44.863083
68.23514455790121,24.893834570658992,58.395295669986666,1513.1148115743142,7.413782247477775,3.972704191733839,2025-11-18T03:59:44.863083
58.8180119582113,14.060622468330566,78.83938059188796,1382.5192812808511,7.891536552708645,1.7239504089105295,2025-11-18T03:58:44.863083
14.564377692100345,18.465612240796005,47.01086944283389,644.5618383295996,7.7656364513025915,6.238654996237653,2025-11-18T03:57:44.863083
31.75597809029048,32.78194787253891,59.2330897592851,1598.0790025193262,5.663415393910963,12.189279841834608,2025-11-18T03:56:44.863083
12.68908801466261,11.879596103660635,88.9184344673867,450.6416680116713,6.831051705688043,10.277390065017663,2025-11-18T03:55:44.863083
37.78746610070741,36.99500037061817,31.418520790406816,1394.8214351160605,7.908486085533876,14.004204586546049,2025-11-18T03:54:44.863083
84.94579696264735,11.567736378580713,57.22156573982049,668.2840237316921,7.327052412451824,24.532427262431167,2025-11-18T03:53:44.863083
30.522404995539823,29.625238044222233,42.87634612938311,1217.5944582288978,6.659831216720841,24.300133240788426,2025-11-18T03:52:44.863083
58.68218181571733,20.485191162604565,37.41622601771567,472.2442917228822,6.063292324878088,6.27416653350745,2025-11-18T03:51:44.863083
78.04928462729103,26.83668364847575,64.02040923933382,406.58396936459144,7.650349233373587,18.070357580212093,2025-11-18T03:50:44.863083
15.413468952000127,31.23505291689306,65.32998412727198,347.10562234420087,6.645751603821641,12.117407178251174,2025-11-18T03:49:44.863083
23.26196321306206,38.37094441000847,85.24839914624303,1404.240207192395,6.655738902501518,10.294138539612712,2025-11-18T03:48:44.863083
62.07787737207633,26.362956082207162,34.047751882322565,1122.504767786597,7.516009043082098,11.480996939923951,2025-11-18T03:47:44.863083
14.156526204341473,33.588345981520995,43.08864583883833,665.5175027984699,5.91176588358074,8.25537662178744,2025-11-18T03:46:44.863083
70.5401204550908,25.58157578511812,43.31728281979632,1780.0941406736736,7.698954637378823,21.76446062615017,2025-11-18T03:45:44.863083
29.10369691052314,23.537180325429645,94.02432764915687,1589.6224573579827,5.567918553063899,1.6301147815123014,2025-11-18T03:44:44.863083
47.114510144986625,37.27660617584681,65.01561686692642,1096.0625144617225,5.763684249891576,16.41950261810735,2025-11-18T03:43:44.863083
75.76825284801804,21.412600225226868,80.41477031014628,1936.0579770214608,6.0094161478192225,13.083240779868532,2025-11-18T03:42:44.863083
32.971036646766045,33.785632571015185,67.54356878227523,1342.2483515905467,7.494785399039735,9.899261816561372,2025-11-18T03:41:44.863083
83.20720547256346,25.9908660173842,40.26706348429762,1452.6184127038443,7.483153376095636,7.919041926688167,2025-11-18T03:40:44.863083
78.57434055990024,37.18429764297299,47.998791679557584,1970.3386508873998,5.851778820121896,5.050391710062249,2025-11-18T03:39:44.863083
24.73798713904209,36.819691300236116,72.52901590112252,473.7877098000912,6.600808545920873,15.382450626745051,2025-11-18T03:38:44.863083
16.677126799150663,36.472491052220164,82.23422980369978,1109.3721924379488,7.917816538147926,10.444024481877493,2025-11-18T03:37:44.863083
88.72882552291982,30.03759996410881,71.2536327615062,498.718811532413,7.70481939576161,10.68724219801538,2025-11-18T03:36:44.863083
22.978672462598347,10.37822559927277,66.38411943649487,1149.3193198208173,7.298384055922897,22.256451325445052,2025-11-18T03:35:44.863083
16.352526771442363,31.94489471021087,42.181776366342845,1744.7186956828953,7.54765878465414,13.51984387463861,2025-11-18T03:34:44.863083
66.81942388986492,19.430503395512453,60.62591343063295,1678.946415878849,6.648162992933035,8.944956633136044,2025-11-18T03:33:44.863083
49.53699578002399,34.84747757311655,51.788523079106724,512.7708676443388,7.280035050826951,20.649455317702046,2025-11-18T03:32:44.863083
18.050998281882666,17.19622338267834,39.2281793344646,826.2945408479,6.625877447263532,18.72065842408266,2025-11-18T03:31:44.863083
62.09180679053393,28.627857024352934,52.90437152962754,1714.6055955525678,6.678217918495411,24.477623450378864,2025-11-18T03:30:44.863083
60.73137106365895,13.787942246935081,73.95154153490321,785.1872277770582,7.215817991715244,1.7410287040601435,2025-11-18T03:29:44.863083
23.990514974076753,35.67211776717359,44.76667120652847,1706.6740254372921,6.198190221136026,16.072047751467693,2025-11-18T03:28:44.863083
65.53204588078648,25.379642594351587,49.84519398528754,582.759877467973,5.582973386406065,7.598660031018095,2025-11-18T03:27:44.863083
62.25302324250264,38.14914455345448,86.62829134709838,1578.9165977635446,7.471118358133246,16.624622586899882,2025-11-18T03:26:44.863083
30.82294860528024,37.21585092117489,73.59760027387921,1208.793135764792,5.777473673033703,11.176388595160635,2025-11-18T03:25:44.863083
46.8286616961541,35.936908285680104,65.53213431220625,884.7209881467373,7.942000821276649,2.768014833157892,2025-11-18T03:24:44.863083
43.80387426495557,11.260740255142158,78.09376784985048,1852.5377939584712,6.2000933238762235,21.45854191997802,2025-11-18T03:23:44.863083
33.37745843695182,37.32310484931746,79.00752373379095,1648.8321983145895,5.545016389001137,24.07025892685065,2025-11-18T03:22:44.863083
68.13367936562585,19.142532861584,83.91065321582505,706.7381571468738,7.681884598915319,2.8145097602984253,2025-11-18T03:21:44.863083
66.29487819686366,26.22095429934731,36.274740562703656,635.4088908659102,5.531010090693287,11.719199136612646,2025-11-18T03:20:44.863083
34.10122086080003,27.950724528932763,49.32045750106012,739.8544007125724,7.3579829968290085,1.2035708994588363,2025-11-18T03:19:44.863083
82.23159961535897,35.567916231735445,73.40730440971643,1267.7988261932917,7.730756245349131,4.633254488217861,2025-11-18T03:18:44.863083
16.31753297526629,17.185305097286143,81.64758811551238,262.40648010766995,6.957017087708724,24.885937904782747,2025-11-18T03:17:44.863083
78.45568750700315,25.643370671307686,34.13665910363175,1696.4723258942777,6.997446270443026,2.873324926489171,2025-11-18T03:16:44.863083
17.508582785868498,37.28880458309777,73.4980170909751,1692.7162387701599,7.697447250705668,14.294308801208055,2025-11-18T03:15:44.863083
51.3957081404033,22.912822309629703,50.601528206422756,982.2727295456812,7.4346991393253905,15.04808577537829,2025-11-18T03:14:44.863083
81.4018631963877,23.301400431375633,69.46082261671901,1336.3535955655798,6.979242905765814,17.56584432713791,2025-11-18T03:13:44.863083
28.994677469984502,25.370913326373717,36.7746121825426,892.1203897606626,6.719167671553161,16.305606488636812,2025-11-18T03:12:44.863083
86.04248420689628,28.019531996450677,78.33360455147638,1111.278907091365,7.085260078440829,1.7733054033443358,2025-11-18T03:11:44.863083
30.35132646734776,20.855592796154163,60.71206807542338,282.1677419042907,5.850060243883294,6.920357694782645,2025-11-18T03:10:44.863083
87.72261527208406,19.940410213091525,61.33266877728536,552.9758829291072,7.026950177689421,7.017080387899358,2025-11-18T03:09:44.863083
26.559406275074142,25.497178853379374,30.357876945427353,213.79525876860558,6.047672022754645,0.9180340625205285,2025-11-18T03:08:44.863083
18.64206033045531,20.165819480162547,82.16806917268784,1229.6875580647416,6.781669314891041,7.3372205802030415,2025-11-18T03:07:44.863083
84.54029755462531,21.91045123711575,35.661029841725146,1310.7197290120423,5.784595983691504,8.630578570042303,2025-11-18T03:06:44.863083
50.592955097424706,36.22667574055527,62.08052772210771,1464.0657788569956,7.982042097497676,3.2872279974495404,2025-11-18T03:05:44.863083
31.97852204156156,21.837282267929393,57.41883160502404,939.8379354779823,7.769027506391387,17.85081611167141,2025-11-18T03:04:44.863083
58.6324171272563,19.281181535883462,83.54637497438415,1919.10892067298,7.552995706375566,0.039127629786822604,2025-11-18T03:03:44.863083
60.91210961467256,11.534061443263022,46.74446932169192,307.14446062598904,7.009488632373469,17.16474783731517,2025-11-18T03:02:44.863083
19.159011045272408,21.515166491349383,59.65537308211023,864.2954391696499,5.802562501212982,10.473694754686885,2025-11-18T03:01:44.863083
70.09424382467344,12.130229935997665,35.211700915323725,838.5883253047716,7.854314279047313,16.714316168072852,2025-11-18T03:00:44.863083
64.29359653380519,20.857599725135948,68.58795142855499,218.23613124993807,7.090240116023855,22.83217368940592,2025-11-18T02:59:44.863083
59.005877467585535,36.210957803990354,77.0582486052961,417.0051495266424,7.7561332682146045,1.661096108894372,2025-11-18T02:58:44.863083
52.7173978038211,14.26411371380373,30.760929697508764,959.6616682297503,6.237601769135391,12.150012344940075,2025-11-18T02:57:44.863083
56.175990938764066,11.31217216926842,37.995214183043466,1205.5563136107658,6.357918382931645,18.2293371887362,2025-11-18T02:56:44.863083
62.18333188735517,35.368130889697206,75.01203373349963,973.8759393022666,7.182416555986081,6.884529356385463,2025-11-18T02:55:44.863083
34.505079902257016,33.6695547976238,59.01726856610284,1637.0846129330346,7.556055934170696,21.439058441532094,2025-11-18T02:54:44.863083
83.33081886729659,22.929556615398887,50.726343190874026,1247.957743869405,6.427931058594069,15.026854170005825,2025-11-18T02:53:44.863083
66.44686901150597,30.652150554764106,54.34593765630789,500.3483630577551,6.576323346155519,3.5648536020477186,2025-11-18T02:52:44.863083
81.20776281470467,20.376323822135724,40.03988356951605,245.80596783035156,7.11455596571621,15.92255793636858,2025-11-18T02:51:44.863083
37.248333326503335,12.15135666542953,56.625878168190084,760.1914911141084,7.192801599337523,15.144481236317258,2025-11-18T02:50:44.863083
39.167498255803196,16.5367766276497,94.22233780011346,1017.2029181530067,7.220685589450593,3.5138241894590196,2025-11-18T02:49:44.863083
48.84717597275183,10.826101596083964,62.85458266417925,1935.2313328118641,6.4605167824645005,0.9749003143727897,2025-11-18T02:48:44.863083
12.476463273547482,21.639602798406084,40.401620870107614,242.03377339073464,7.390534034875442,11.463075222047268,2025-11-18T02:47:44.863083
33.139581757812365,37.002495490494425,37.54903241303416,1920.6538921195745,6.284916793443382,22.21009180771703,2025-11-18T02:46:44.863083
58.23543011835692,34.80122079224462,93.96085560868018,719.1297880737422,7.902838713518983,9.73704737256051,2025-11-18T02:45:44.863083
40.84095237895379,20.21161312763517,65.19149447759304,477.46107772127675,6.8842787133950285,13.5426203102501,2025-11-18T02:44:44.863083
70.9521450083896,35.00949885812757,58.628687770307565,744.1998488326888,6.148337243292736,4.865595917621798,2025-11-18T02:43:44.863083
14.61180657592199,20.273439365041398,47.56609998850091,1939.5512945595333,6.89427206562511,8.681925975762688,2025-11-18T02:42:44.863083
56.43740807949568,14.175901040370865,58.86284369814319,1327.2217785579148,6.722244579481129,10.044470016358106,2025-11-18T02:41:44.863083
89.50787111197586,36.409442864467806,70.5213872803636,1224.8792501281089,7.05165119956146,5.032802695560831,2025-11-18T02:40:44.863083
41.61101946114549,11.18378598672698,60.910492436643736,1177.4442511237937,6.069374340258024,24.100721179137842,2025-11-18T02:39:44.863083
82.75636887497936,31.664297063677175,64.67013086974856,1765.9444873658329,5.826630859558657,19.762744856872125,2025-11-18T02:38:44.863083
19.985665117347864,33.82631987648216,47.9248919363382,1778.76304583274,7.860105234563495,3.719899235127891,2025-11-18T02:37:44.863083
47.01404840523148,39.42962134488055,61.42148333825453,1754.3855405261813,6.9718288053282995,9.383247697990047,2025-11-18T02:36:44.863083
32.862684442069614,16.096692732582618,79.51688243955033,895.7729122814502,6.778188655501878,12.308137000029548,2025-11-18T02:35:44.863083
56.1823223386505,35.96731436873657,93.74805733292291,933.6515754328705,7.568797305265758,19.11319486636794,2025-11-18T02:34:44.863083
55.882316116445864,38.68141430835799,43.030843509346184,396.67557855731854,7.634904917388555,10.978745415843708,2025-11-18T02:33:44.863083
77.75750833656484,36.79270615586245,34.059743585239644,1790.2365733749093,6.620797638423555,12.760812225105806,2025-11-18T02:32:44.863083
60.127400887456815,37.791478201902606,31.24254613793466,1058.3182429720707,7.219305106076401,18.067673942455713,2025-11-18T02:31:44.863083
65.40259452296864,14.033053882243657,49.46071324415928,845.6879457506242,7.511093019198762,6.968996810363826,2025-11-18T02:30:44.863083
26.856397109376253,38.72344057114289,30.57611353237548,1996.0775402275608,7.192053247143489,20.711732486227927,2025-11-18T02:29:44.863083
33.56955170769545,10.4294583300118,77.96151870649945,1701.4602746012165,7.3511903298837975,3.5712571825209647,2025-11-18T02:28:44.863083
70.27423378055752,33.06768346322923,72.80513351855356,1579.0086790320552,7.61480359919433,15.340102855936461,2025-11-18T02:27:44.863083
17.088377117574325,24.628834290016325,35.04720675365433,933.5774558583755,6.517766222814069,1.6502461035060394,2025-11-18T02:26:44.863083
37.905642717558344,13.329942963739445,82.53528865059944,1905.8384467360474,5.6807911881448465,23.877880182292536,2025-11-18T02:25:44.863083
51.80612794693961,18.986970338616217,34.996034892950625,1101.123682526752,7.486288861226871,17.677161931667452,2025-11-18T02:24:44.863083
14.018080917117901,12.187055061037105,56.186763371121415,731.5228892862979,6.080960807640119,7.02511247271784,2025-11-18T02:23:44.863083
74.27861946375077,37.876841608955615,56.33167514429182,1830.9998038384947,6.303739253119705,11.91092465859479,2025-11-18T02:22:44.863083
28.082319825279978,29.214281265275318,93.63377248636257,1286.2875728780816,6.394535210283872,16.19543614976321,2025-11-18T02:21:44.863083
19.833654277231005,36.65977240796196,62.700456800689366,1008.8295356713558,6.964661971133798,15.619596569735062,2025-11-18T02:20:44.863083
15.742064498121042,30.47851663670207,45.725559220509425,1485.1147385118616,7.556336985960492,20.098962688813007,2025-11-18T02:19:44.863083
54.20007739263113,25.605096769322536,39.28693748706176,1595.623070725644,6.178523451116786,12.417385570448664,2025-11-18T02:18:44.863083
32.74192743420134,14.014850889990793,70.92125029796287,297.7976626812269,7.3716130853155,7.939669881527917,2025-11-18T02:17:44.863083
10.010775440358826,25.333874177116893,33.0453740542942,697.105204077619,7.2674412186392905,1.5672405405466465,2025-11-18T02:16:44.863083
77.1470793884802,10.114597679757493,46.04355149812365,1533.6273010737286,6.290675374323267,2.547309701650338,2025-11-18T02:15:44.863083
38.81871350403423,18.111798591535766,84.77627364043607,764.0262516532576,7.472331179440018,22.296803620268367,2025-11-18T02:14:44.863083
44.70539356612236,37.298294315631765,54.525673507607536,1935.3411496821948,5.723223811313932,17.175481662581067,2025-11-18T02:13:44.863083
49.5051232365543,21.62946416366941,71.12627211865906,1466.9427649417962,5.510908174125773,4.173827218679968,2025-11-18T02:12:44.863083
67.0436840507455,29.991562407346194,92.79308783336401,1569.8680224514094,7.876931769328345,17.563512538370173,2025-11-18T02:11:44.863083
33.844176691155454,13.160947667525694,80.81855111742081,1359.4685986566487,5.62046503098324,9.001261647524458,2025-11-18T02:10:44.863083
86.54398523874289,25.012034371306036,58.127393841280806,1023.8592892867291,6.022206810012909,9.21767927161988,2025-11-18T02:09:44.863083
39.58506047897413,11.570650605624172,79.89189585366469,949.7079774269822,7.555449717041059,21.258700027997385,2025-11-18T02:08:44.863083
26.959524375892645,29.720604465103857,60.69831727059381,1784.282128258673,6.039351697941135,16.945330007751107,2025-11-18T02:07:44.863083
58.62016978021781,18.859044327154983,38.87905873732622,1372.9515688590977,7.346493645330827,7.89068359408375,2025-11-18T02:06:44.863083
61.58660832178511,21.8539272283451,76.35844741337016,558.5874948092955,7.725537506590436,7.185239911639493,2025-11-18T02:05:44.863083
39.42287902049223,11.742758562410494,37.24829380088296,1128.5514248821905,6.168981691819929,20.88700564355486,2025-11-18T02:04:44.863083
11.175471092396307,21.372821460158086,51.927460539991024,234.78973565168187,5.810920997501276,10.341066872965882,2025-11-18T02:03:44.863083
49.429166755795734,22.12869241764607,64.5109490967861,1271.2370148302268,5.524809552819589,11.602378986337596,2025-11-18T02:02:44.863083
87.07993927100706,25.57096840388646,74.04024738483196,761.3549442503897,7.4349784453819066,19.323037046902876,2025-11-18T02:01:44.863083
51.703683812331114,39.280414698376404,38.16076395957247,230.5057968012458,7.425395529392739,20.178888434122065,2025-11-18T02:00:44.863083
19.6165783296461,17.96748498875818,31.14090361883088,727.9554994050164,7.432854684796679,12.949013192814473,2025-11-18T01:59:44.863083
37.84764745346305,21.15217884718991,30.08798567150543,739.6409496174247,7.1161468540948265,24.35486109540893,2025-11-18T01:58:44.863083
77.76486615871195,10.707848939365874,88.40643930386456,1609.7571439375267,7.450940308927451,11.449893975089287,2025-11-18T01:57:44.863083
41.840423436360226,19.087471864995777,34.270165832033776,610.8236542886584,6.116509087445062,12.10192674275504,2025-11-18T01:56:44.863083
69.79555252773551,24.214294851938398,33.75988921406544,1924.021641778767,7.856810797735281,19.62973857871021,2025-11-18T01:55:44.863083
89.30623212513764,26.33446998400789,92.5799427664584,336.0890731101514,6.414201870653429,5.634531700169146,2025-11-18T01:54:44.863083
25.666646730741604,14.224088466780282,70.45688670178978,1606.379340345149,6.945745998550901,3.674067739705242,2025-11-18T01:53:44.863083
74.88990159467767,29.078641214911855,55.230770898254704,1413.4345319649133,6.149762448107082,8.629805212355263,2025-11-18T01:52:44.863083
83.39886745055922,18.71513517014261,60.549237430265876,1802.2540473128263,7.269303375668819,1.5550806541175688,2025-11-18T01:51:44.863083
21.784243542317625,10.235247723157505,71.00991636489562,1005.812165738753,5.835687127255689,23.948353026419262,2025-11-18T01:50:44.863083
52.37277791564959,17.256798823386674,62.53923212505599,1423.316598923194,5.690598044933911,6.8675953761973,2025-11-18T01:49:44.863083
74.55723927071949,23.78994611207984,65.52751423209918,979.0688039770447,5.609749856607513,4.143744495503898,2025-11-18T01:48:44.863083
45.64333109935127,16.275563962237833,33.24863686287912,1718.5693952932827,7.95298132291029,19.828571849918486,2025-11-18T01:47:44.863083
78.30279373637336,17.259313909511363,92.44075340835798,554.4662680161712,7.878574525904581,24.870482349148777,2025-11-18T01:46:44.863083
66.9378244596839,39.43431195375466,67.02008567186174,667.1752097169626,6.592489714164052,14.839023384469648,2025-11-18T01:45:44.863083
15.8465249621612,28.670297938517383,93.77655938954913,542.1937696107098,7.4814877907209585,22.697469844490485,2025-11-18T01:44:44.863083
85.49612742561766,38.804068132163415,63.89487651689568,1959.1542343847066,7.393275517836097,4.041785905924048,2025-11-18T01:43:44.863083
48.1520085174376,31.54993526116012,46.077120528240414,1353.1073303879973,7.166501197616548,4.067493595214147,2025-11-18T01:42:44.863083
55.206824996220504,33.148807329358235,62.42821819483623,221.78561019699336,5.522596172698231,8.925733599250304,2025-11-18T01:41:44.863083
84.09552547454255,16.860303388108264,71.23363977665966,599.7365672479771,6.3041749741488715,21.2010522400371,2025-11-18T01:40:44.863083
68.30891538159575,12.861978319396318,57.86563136411819,252.50557456147604,6.702225366507522,16.560850292526702,2025-11-18T01:39:44.863083
19.480209887852126,18.666548167274968,55.8593806576402,1855.1558443808894,7.9831375385574095,1.1227824748903963,2025-11-18T01:38:44.863083
70.88063387963136,21.151721992070296,55.5097821049162,1557.6769520246407,7.796066080363522,23.77321486256371,2025-11-18T01:37:44.863083
56.16980688306566,20.713634779015084,81.19069058082064,651.8024898721405,6.910185072083794,8.96446153812183,2025-11-18T01:36:44.863083
62.53048589663009,17.211967386805206,42.453541472763675,1852.8303560157867,5.754509207373842,12.648947693373291,2025-11-18T01:35:44.863083
27.668222637040714,11.167898899770023,32.34122318894271,515.3991897904892,7.666925886265,7.061968599425667,2025-11-18T01:34:44.863083
86.03673364602366,27.448668789675807,58.37992233496979,1244.1599024050183,6.79174596306567,18.96940634393313,2025-11-18T01:33:44.863083
32.59968527782818,20.591511748009072,88.11612966466129,1903.6217236707298,7.731395568716186,10.48619984893284,2025-11-18T01:32:44.863083
72.42924024055054,24.290071999032964,62.340090389496645,568.4241963031111,6.977825758146292,4.653397443833699,2025-11-18T01:31:44.863083
36.5251759253755,35.65090604859805,43.45992759870559,328.0849133121791,5.672518981532041,23.519613012577697,2025-11-18T01:30:44.863083
50.55363503694677,22.28236215451055,82.7071077655147,1704.4866702389288,6.330477582789012,17.34045143684488,2025-11-18T01:29:44.863083
71.68982526815093,29.639520605978635,39.85367986200646,1776.5895503307027,6.847736381840022,7.061810659250092,2025-11-18T01:28:44.863083
44.01825483501551,11.12713271196722,38.31134207945714,1577.9841509285495,5.500029086888415,10.414145712057305,2025-11-18T01:27:44.863083
51.800814486847074,11.639032600029168,93.25008059320163,607.0255962494095,6.260496799090702,7.598562806375683,2025-11-18T01:26:44.863083
28.43333296938799,10.044214662589342,77.40741161571975,1940.3218996387136,6.060733708212613,16.57617979508556,2025-11-18T01:25:44.863083
69.3517061566972,35.45276137271574,57.47089780588459,745.2756301527726,6.313237835057578,17.81553332746282,2025-11-18T01:24:44.863083
75.34235732045089,15.44841903269808,54.11116553025474,1823.49235414847,7.516733799236848,24.621460069061897,2025-11-18T01:23:44.863083
70.33986077456646,21.79585603083767,68.39145920965146,1389.8256576451765,5.69613954079281,13.612423977596627,2025-11-18T01:22:44.863083
66.74566627780877,15.019639120031812,80.74106163266121,1250.791004925401,7.880554464243986,1.0605574551722925,2025-11-18T01:21:44.863083
31.226091004437357,28.04661637899472,49.27639429338549,1485.963495328236,7.3975132063048274,2.5628991016618614,2025-11-18T01:20:44.863083
51.108357136541414,25.26671666773168,54.003250064010174,1879.2647526254098,7.568765799683053,17.43023454774092,2025-11-18T01:19:44.863083
67.14613085879981,23.851484314393574,89.86464387127742,1450.2717690559136,7.322452654139541,21.54227259468363,2025-11-18T01:18:44.863083
31.92572714737528,34.212127116001085,42.690639192171986,821.6155140407981,6.339026135674606,24.463136709728513,2025-11-18T01:17:44.863083
78.52297789983415,31.035095847707794,77.25868950500035,1211.7310299246278,7.867726667771297,12.406468822059038,2025-11-18T01:16:44.863083
40.441416789591564,14.89106010794773,81.10336739696876,1521.9990777360647,6.460887596310338,0.629835348980734,2025-11-18T01:15:44.863083
77.11978621744086,10.34253950362221,75.74048567588831,1946.4627975069027,6.594153320370509,5.874335124898819,2025-11-18T01:14:44.863083
66.38968080347054,34.51384426046755,65.51797054506008,1940.6634954610631,5.629171804144903,12.619889957613204,2025-11-18T01:13:44.863083
67.476315785804,35.87921413447537,41.651614774006354,1640.0062671746266,6.881767689296363,9.91384204974908,2025-11-18T01:12:44.863083
20.537202286327485,35.95887276726737,40.2227585316815,757.6181465763786,6.225113829906093,21.78535085477136,2025-11-18T01:11:44.863083
63.81623953671184,33.90044191574117,46.280413421512435,1324.773379292598,6.929364957859372,20.82075941970678,2025-11-18T01:10:44.863083
82.48696483850084,10.364703144321604,73.81129473882152,293.3044384155122,6.87214666269339,7.190818226091955,2025-11-18T01:09:44.863083
34.5421279617713,20.588755103570698,70.38400918822467,801.2899382037846,7.3317476264757016,10.113184639346743,2025-11-18T01:08:44.863083
15.46825602479669,33.512795274523214,48.57429109852589,978.9803832786728,7.213609708054754,8.3114039287178,2025-11-18T01:07:44.863083
14.52685249173725,21.217631410384406,91.38915787512973,1355.1219151374048,7.178697871668017,15.807053840940997,2025-11-18T01:06:44.863083
25.919371116754945,22.550015923068404,78.81108689361568,382.47121559568643,6.194631940224281,6.907977711646341,2025-11-18T01:05:44.863083
44.56151420756048,39.41106222826555,34.38766553444842,1133.661789885071,5.9484117050305265,24.266913635243604,2025-11-18T01:04:44.863083
19.064280378197136,22.10803007084774,77.9625240142494,1468.1979704494015,6.556821592234831,8.663104198817956,2025-11-18T01:03:44.863083
41.808990284229644,17.92828789475918,43.346641015941984,1069.471455606002,6.171334390169019,7.186541622431253,2025-11-18T01:02:44.863083
62.54048507796456,39.05611995099677,69.23641803635938,338.5630407169393,5.688959034635167,23.78558052113915,2025-11-18T01:01:44.863083
33.78326322458669,12.762009582474263,68.9378981647748,1322.567800922479,7.12126205029672,6.685050696438532,2025-11-18T01:00:44.863083
11.208854737158003,38.95046108363415,46.30804796992166,1416.8473184945856,7.266574674696773,15.250185426987143,2025-11-18T00:59:44.863083
35.03259153709186,18.132887612921973,68.8484383756757,1758.9721405010448,7.866834322308489,2.647645110093941,2025-11-18T00:58:44.863083
22.386289007817588,38.34208776349239,77.87478984176153,1789.3888846935915,6.006581585338358,14.689646777735046,2025-11-18T00:57:44.863083
66.0911675533979,30.40335656340918,56.529859906335375,227.71080504435525,6.957315142010658,6.327538479490219,2025-11-18T00:56:44.863083
46.020339691431225,38.72743045251452,55.93729564675826,1711.642891995968,5.9713515143731275,16.81151245062572,2025-11-18T00:55:44.863083
88.16055635511547,13.056793026188103,30.54079624476748,980.4490267387058,5.731563707628418,18.709608741905782,2025-11-18T00:54:44.863083
83.16389310788472,23.020629181262763,46.81625674010366,981.9259742118976,7.308619544625003,0.22635403950927446,2025-11-18T00:53:44.863083
57.15631915877577,28.398750546621372,71.4497360482358,635.639743965579,7.285131808445317,2.28478715829441,2025-11-18T00:52:44.863083
25.941626917344067,36.32410139963446,78.0170047972268,224.74199722042147,6.120940650924501,5.360162074829114,2025-11-18T00:51:44.863083
31.664506242957806,17.42679310839659,34.064209223284976,1026.0929298742767,7.331833686965413,15.16829311793591,2025-11-18T00:50:44.863083
63.82973348784638,12.434475356087175,91.84689616149117,1709.2853009174446,7.512725796239157,20.574595126044187,2025-11-18T00:49:44.863083
84.6168406506209,26.327618983410932,43.01833116139568,1310.210494134574,7.357203734169848,18.447934833850635,2025-11-18T00:48:44.863083
51.71592193335041,12.053761580007341,54.122340997958304,1857.3798952340433,6.961122274393565,13.458298581392835,2025-11-18T00:47:44.863083
31.50828115057548,21.053467597497367,88.19749579495601,1399.6334855483042,7.4684675668808325,11.358635576691379,2025-11-18T00:46:44.863083
60.41977755649263,17.451508262296226,75.8549539684266,969.6824006660072,6.606363787036864,16.233058114422043,2025-11-18T00:45:44.863083
84.90244971751413,11.920190398258628,83.6083104275555,726.2895987419477,6.609798636265944,0.5478332193752239,2025-11-18T00:44:44.863083
34.083686226745044,25.078937278903915,33.651445027583534,1083.9723128896972,7.817776572146068,2.6348304526951303,2025-11-18T00:43:44.863083
71.15525824604035,22.29013160127978,72.58629144408198,668.4258763734128,5.898730656353396,4.011565356780661,2025-11-18T00:42:44.863083
15.639355651451572,15.56940114703729,73.17426002428294,1787.0431013183145,7.535314213977904,17.128357746862104,2025-11-18T00:41:44.863083
18.834549072888215,18.675623388878495,50.13744689596048,649.9225035157183,6.787514149274308,13.388845371991815,2025-11-18T00:40:44.863083
38.550878013688816,20.61367476209308,83.85611386389529,1620.727126975434,6.269489579201864,22.84471109683148,2025-11-18T00:39:44.863083
86.22520136020049,19.802276260901223,53.037621671548564,1110.141476159526,7.852802031334184,21.907985828557788,2025-11-18T00:38:44.863083
18.205437006687184,21.781922298142486,65.96912733373517,1105.6384505927722,5.984657669842232,21.470419279203867,2025-11-18T00:37:44.863083
64.15526263974698,35.13725124555411,85.81967815771569,1547.0405365983315,6.598026503124293,15.263668875385614,2025-11-18T00:36:44.863083
22.829232489579454,30.20936252424723,41.65146162305325,1449.1092629182822,6.073995401884922,2.9387825037554993,2025-11-18T00:35:44.863083
23.222759211436596,10.059764056572108,76.71807516047946,1518.3218883050824,6.787333374783149,4.034070026384592,2025-11-18T00:34:44.863083
16.68434700085518,10.57386899311861,40.77363150273935,1803.5399629696642,6.103842104254205,8.85678318043039,2025-11-18T00:33:44.863083
18.427638758506653,16.67083914244511,63.74959710071333,1293.9548295721745,6.1133807854155275,1.4433039806279302,2025-11-18T00:32:44.863083
41.28262953019189,17.026101127790024,44.27100500993713,1927.7530448842194,7.0407512148143105,13.921961079302397,2025-11-18T00:31:44.863083
43.262008281865754,22.86833000290433,65.15882524947526,1453.573652664993,7.255365240454574,4.292347692636239,2025-11-18T00:30:44.863083
50.009020166130156,22.35874285102306,86.58425280750997,1336.5540581930775,6.831260166039955,2.8848660544729343,2025-11-18T00:29:44.863083
58.45103114587292,13.516117170407004,51.918427411773884,457.1155366657974,7.230184117560922,5.156302845903815,2025-11-18T00:28:44.863083
41.34874985504208,36.87024332856336,43.28056492093307,1114.0491151258025,6.548179152915055,0.4531010261432433,2025-11-18T00:27:44.863083
73.42064908582502,12.071377189437992,60.826576363501985,1209.22093089011,7.071066141536468,17.215790732696888,2025-11-18T00:26:44.863083
30.261790681817207,10.29936329975348,77.02383805306928,1164.1818788256414,7.5902942580181225,20.53470907251736,2025-11-18T00:25:44.863083
77.46609342303066,24.552839799386206,51.68584572939626,1624.804764664466,6.628235282573137,4.5860549100858625,2025-11-18T00:24:44.863083
78.39792156491795,36.47679630317042,60.31013414911106,336.25950915761746,6.469565224792328,20.088441486565085,2025-11-18T00:23:44.863083
82.14192228369829,16.104182274927876,34.35328478164265,1779.2308156391096,6.473512347447189,13.544024106689081,2025-11-18T00:22:44.863083
87.44526496406071,11.996941837426686,72.14067048438622,333.3897606347607,6.438672321166251,20.095363629836168,2025-11-18T00:21:44.863083
44.67777862045075,39.915470617088516,66.33885352152913,778.0918747447163,6.050278314761883,8.763013357154046,2025-11-18T00:20:44.863083
39.802661900764065,12.061410331718829,54.022322962740255,1035.6293355306047,7.306844380597012,16.4182371180402,2025-11-18T00:19:44.863083
66.70125241833233,10.250910456305713,44.14838097273484,1391.0317191197416,6.7099734204493675,0.13283689170864865,2025-11-18T00:18:44.863083
74.35957139454578,33.18428719871012,65.64724559458156,319.63398639728985,7.416287623831462,14.592839693284098,2025-11-18T00:17:44.863083
72.55679817263673,32.55240977187521,82.1951346772594,1132.4145195283247,5.850811295483788,16.778936834492217,2025-11-18T00:16:44.863083
59.63790280415765,32.26759561597262,41.0422653932978,550.9553598205206,7.726023793048322,18.74944496130177,2025-11-18T00:15:44.863083
82.65827909602584,32.76145963491762,68.81509488936962,1377.4389266501726,7.722819809850025,14.470168862798513,2025-11-18T00:14:44.863083
60.59130594627099,14.694301480108017,60.80487930754668,1489.5148015245782,6.177356745790913,5.056354513113373,2025-11-18T00:13:44.863083
35.106144657953244,17.245018839785004,43.969321407365726,964.7315171625565,7.769596284708835,12.676491168467956,2025-11-18T00:12:44.863083
25.03363046522584,12.309150081426221,75.25014943396513,889.0377759854981,7.554577366463398,16.487769216019256,2025-11-18T00:11:44.863083
73.69931604330948,18.158381182553462,75.00332995996878,675.3115724486938,7.847671198625729,15.90935703833436,2025-11-18T00:10:44.863083
35.96094401402737,18.08535586876818,42.41022802965683,1450.35372600871,6.046789032494818,14.882581648187227,2025-11-18T00:09:44.863083
31.170802154028586,29.85906834381606,82.97108235513505,1600.4454376603758,7.402128327326954,4.693060142306302,2025-11-18T00:08:44.863083
17.0707957587615,30.96846485462157,53.942568896632835,978.2232075260251,5.5778727319834775,6.48941123187623,2025-11-18T00:07:44.863083
12.694112309957122,36.37557317803743,45.82078440920448,1203.2069052314146,5.597448301652826,16.67118478264145,2025-11-18T00:06:44.863083
35.84218766032751,36.93757560872997,87.72768228071233,785.523113051146,7.7524022392261696,24.90394183746947,2025-11-18T00:05:44.863083
76.03325312991585,35.34614043265687,46.185567847090844,1238.0643179439614,5.66813978491842,2.372948420541743,2025-11-18T00:04:44.863083
89.91140896266324,19.799177482777328,78.63195428317502,1651.9970954482696,7.645058177518073,24.940707435053913,2025-11-18T00:03:44.863083
29.319718820549426,11.21052480579099,56.72744866964808,434.14520569210447,5.556064722905138,9.010670678537153,2025-11-18T00:02:44.863083
72.69906008601892,26.985420736752125,50.33056929867301,1377.8156098868956,6.080045450772027,0.3595361518021256,2025-11-18T00:01:44.863083
71.14827091491419,28.712292545920274,79.54967059256239,270.0884300377981,7.59279906957663,15.488155000907582,2025-11-18T00:00:44.863083
55.07162805701121,28.738421443435946,86.18816104644367,1256.4857118060327,6.952375949720448,24.766978926644146,2025-11-17T23:59:44.863083
70.53841336548544,23.26881416353406,75.9808050021403,900.6148490452192,6.0721886562087475,14.921296922193985,2025-11-17T23:58:44.863083
84.25456784911611,37.87418560046388,52.223843076856866,1149.819439199051,6.029089746424653,24.890777737472085,2025-11-17T23:57:44.863083
88.48943262943486,29.48526789122342,82.28691387903578,1487.18029031066,6.9828955475986705,1.3336999247224424,2025-11-17T23:56:44.863083
46.38114740421288,30.243589065022316,74.0395549024395,871.6207131602905,7.854229966645077,4.183925805919525,2025-11-17T23:55:44.863083
50.02875569724485,30.726519296524685,75.3138273829676,1367.550122183868,6.18822053362965,3.905164217165549,2025-11-17T23:54:44.863083
60.87522614613687,27.979063484183133,41.65814066880066,1469.250462027014,6.637929979334141,16.694014790078825,2025-11-17T23:53:44.863083
76.98936638161206,15.091852857307694,31.244416419794383,1602.3846555124162,7.02424356288154,17.49098924055304,2025-11-17T23:52:44.863083
77.0523979990914,34.08432804473502,92.4598095503736,1164.6831419338127,6.721239081649763,10.047179997268252,2025-11-17T23:51:44.863083
22.29528342753636,27.178216986460672,48.00581408118862,1858.353521983356,6.957977010692744,14.821004512702753,2025-11-17T23:50:44.863083
38.3939728701608,11.559680559331225,32.06334474924426,962.0032594757555,5.711413445243094,15.171173888503478,2025-11-17T23:49:44.863083
80.4778404511726,36.48744449556166,72.8379516585951,580.2172966512758,7.65749207839718,22.152335882830204,2025-11-17T23:48:44.863083
25.732286796236696,32.12278257312032,48.62377068026299,1644.7525622352734,7.993094749759006,0.7506501332348203,2025-11-17T23:47:44.863083
81.78926926327455,28.678916007959742,93.26987024571338,1037.0171315475695,7.618469826428434,1.5598517149569306,2025-11-17T23:46:44.863083
36.822324006263656,12.0104961325363,93.39730367613959,1670.5530330893062,7.6313685531149265,23.449130785847355,2025-11-17T23:45:44.863083
16.80827888958283,21.5679277754,34.617267787860136,579.4275827900515,6.073414442594181,11.727680276189467,2025-11-17T23:44:44.863083
31.48497339629141,13.029343204532832,40.886920791117,465.09601439376365,7.932691994780746,18.98231267296184,2025-11-17T23:43:44.863083
87.42091722156496,23.192214595237257,48.093951308072675,1636.927754976536,6.315634795102867,7.484584342633707,2025-11-17T23:42:44.863083
28.600479376626495,13.890369346727061,46.67009896608979,839.5755472529978,7.184985520364326,1.5641210554862894,2025-11-17T23:41:44.863083
26.840555173227436,34.27070920875029,39.5499250329451,816.7612637405388,7.66164730464535,3.8731327785860663,2025-11-17T23:40:44.863083
16.61894684945519,24.536139852400325,49.657268233104865,1214.1350560709375,7.509512226208688,3.428712203818579,2025-11-17T23:39:44.863083
56.4559267643428,25.165262811695918,39.36512109085797,1323.1972739521684,6.184101044651929,12.195857963600313,2025-11-17T23:38:44.863083
16.58178594216495,23.78752171640869,49.92012542278332,1680.2861801336378,5.642446817493421,10.465181872958249,2025-11-17T23:37:44.863083
46.67451393051504,31.750182288973562,67.32869238086371,1400.9822069495258,7.442623214129391,21.55507434145472,2025-11-17T23:36:44.863083
35.11003973779764,26.14068116091709,84.607025098548,1981.0120357371015,7.723798277609408,9.28668156560942,2025-11-17T23:35:44.863083
25.613321377492035,24.68177612219766,78.20669436934276,1086.6243273559357,6.707952158284171,20.955760527045015,2025-11-17T23:34:44.863083
38.91230232537491,35.79384024434937,56.442312061862026,790.8195902210109,6.634974777999247,19.06117396687171,2025-11-17T23:33:44.863083
20.080162229119544,15.89257647616052,91.84391366810098,515.8849292864433,6.919318294827637,14.482861666548446,2025-11-17T23:32:44.863083
49.16995696401958,29.34235745730456,44.938737176845194,1194.7920819981468,6.430433138117243,16.541681490729726,2025-11-17T23:31:44.863083
21.297883469851957,27.126322505184287,42.04257309991604,701.5575136070655,6.046774500808958,4.570944496720427,2025-11-17T23:30:44.863083
76.05687612485336,18.57122702982671,90.26304582118921,1945.8677456213436,6.928151174842744,3.57502806664316,2025-11-17T23:29:44.863083
39.9638594703665,33.93196790044642,53.88039736530958,356.6309929450198,6.89196227732047,21.12802128740087,2025-11-17T23:28:44.863083
73.67411097148019,15.253694203910598,73.72969993681033,596.9076741841648,6.045518836380431,21.85179433262963,2025-11-17T23:27:44.863083
29.97351621921841,17.897420395540337,30.042470399484472,1767.2042614259317,7.481487033022837,15.68322337726695,2025-11-17T23:26:44.863083
70.02126111510738,14.561457022734754,59.7910336481924,832.1948972278055,5.734441315642541,12.153262130373102,2025-11-17T23:25:44.863083
83.65917202741083,11.201773571520835,48.9449593770966,573.5736851702662,6.0953666341642405,22.71086379698438,2025-11-17T23:24:44.863083
47.44552433874321,23.988982388194565,79.43741675959335,478.08596720886646,6.7181633852501275,10.749630353026493,2025-11-17T23:23:44.863083
57.75285524373249,39.98673109751316,80.01417811533307,916.1582654313689,7.568882630685117,4.267709082812004,2025-11-17T23:22:44.863083
12.43709490471681,16.133451173928194,52.12675114742687,1119.0453634272078,7.037822851352999,22.765142930360543,2025-11-17T23:21:44.863083
50.78832076403661,25.038269338771883,33.26579563849384,262.8407947812029,6.87789990479093,10.954465331208613,2025-11-17T23:20:44.863083
77.13443159842389,14.820387541355355,31.623158037608224,1008.2697822742266,6.093696391880644,1.2403593334709362,2025-11-17T23:19:44.863083
67.96786294781032,13.347789998717424,69.54076750050515,705.8895503004005,5.933740125887555,9.493788072982937,2025-11-17T23:18:44.863083
74.11566209783629,21.76280730713718,78.80002719871862,425.8753342384712,7.431928549162698,5.923333122666216,2025-11-17T23:17:44.863083
64.19145039110983,26.97344664522989,90.39440661875967,897.1805323555652,5.665412972086101,0.4788871387813226,2025-11-17T23:16:44.863083
76.14868487782024,25.742069129842967,80.3908633692717,621.9660800207264,6.362709363783084,0.7525968052829735,2025-11-17T23:15:44.863083
86.91938596592897,30.036037201024403,90.65833070435491,677.8935333723302,7.028659028064152,16.962499207315947,2025-11-17T23:14:44.863083
35.403976020607075,35.4432770504689,91.56549508851612,1792.7392118528078,7.347667439848431,6.936616993123851,2025-11-17T23:13:44.863083
32.529283368450535,38.90080961338114,30.668492235819983,1488.88995183586,7.2656154063881555,15.567238523744937,2025-11-17T23:12:44.863083
89.20870768694927,19.356383072911758,52.09817114656113,342.09092530379996,6.606995341359344,6.526213155871202,2025-11-17T23:11:44.863083
37.47093617421154,35.03715370766883,90.80649337928722,534.3195296093342,6.431272328883665,23.21576405288485,2025-11-17T23:10:44.863083
14.94467685513781,12.770815843341357,40.58141429840491,1271.3831014283746,5.876180677514994,24.20190953626834,2025-11-17T23:09:44.863083
45.73716218068163,25.045538810504993,46.03281002735142,1047.7284543825203,7.1547840815925285,18.77942842385107,2025-11-17T23:08:44.863083
70.30944661679304,27.33673338082265,88.78338537460073,1671.334125150997,7.392620286746563,1.3901380420115155,2025-11-17T23:07:44.863083
10.550236977571945,16.37341831586419,73.1290336043744,940.1554799885824,6.50601564824828,22.114672205740344,2025-11-17T23:06:44.863083
81.6450278505471,37.275257921607576,50.40207497347677,1443.9004629306712,6.179082953185924,4.7652458268612445,2025-11-17T23:05:44.863083
24.770596587789537,20.26322862590782,57.94724528568841,1695.708507899123,5.79972773368178,18.373146184872354,2025-11-17T23:04:44.863083
52.516393135144426,18.638360280279777,62.0332729946336,739.8957255986408,6.990204888095765,10.846098071381105,2025-11-17T23:03:44.863083
23.1524423263103,13.497492236670901,65.53521933468846,1824.3434599149862,6.359894216394213,18.32500268056558,2025-11-17T23:02:44.863083
62.692908395181355,37.946647429284425,83.36376612444415,1219.8894660298333,7.142576245585268,22.459661664600873,2025-11-17T23:01:44.863083
41.96150276695478,19.80384117573332,30.702720436287763,1687.7919335446356,7.502451751008412,2.6113629525037845,2025-11-17T23:00:44.863083
56.148590490616016,23.919450945006623,37.716091208092244,1965.0228087093024,6.036739718658389,1.6808545022640287,2025-11-17T22:59:44.863083
57.587790360152766,32.16600031399098,32.108823993067155,1385.69174970864,6.830729689878636,2.5816252218762106,2025-11-17T22:58:44.863083
23.801910155708967,27.039228919482415,49.26324487836374,1888.968311572369,7.5468505737101275,24.589180162841576,2025-11-17T22:57:44.863083
30.773667116033117,39.09170898393931,58.03020153645126,825.5338315647583,5.625873817423383,1.3191314464900654,2025-11-17T22:56:44.863083
65.36090047573238,23.737869833020838,44.723905692346875,1305.1465513854187,6.132145295625278,14.440793858610565,2025-11-17T22:55:44.863083
38.73669975861523,34.70656679835457,83.34525044984065,1059.2307166203223,6.377047773337539,9.063994913977364,2025-11-17T22:54:44.863083
74.45716205345744,19.84538448392836,43.588859290944995,352.4390153755523,6.666732802211021,12.053302472996046,2025-11-17T22:53:44.863083
77.27269683223257,16.637160893381918,54.764432788445994,1655.1303300086438,7.559059026872434,9.615276899469205,2025-11-17T22:52:44.863083
46.729921862934475,19.098576725478488,90.61606709725528,413.55877833484453,7.834373557503675,17.09666129588358,2025-11-17T22:51:44.863083
52.5257722149385,10.979771823534875,60.91375246843054,933.9465890049181,5.903047029937806,16.410240087516424,2025-11-17T22:50:44.863083
87.69207258946287,26.865664331935754,76.45896296885647,323.2108146188302,6.544167489542486,2.908962129112397,2025-11-17T22:49:44.863083
59.02366684292083,38.15446474642464,73.0155526106565,338.2454869659588,6.386665512462707,13.766584486021289,2025-11-17T22:48:44.863083
42.256620490660175,35.00932031425517,82.95361530614929,1301.2958361857986,6.433644862831763,6.3834093440811035,2025-11-17T22:47:44.863083
18.469945457050343,20.64693050459662,56.85621361850177,1416.4812651873324,7.145399560743934,1.7527034910314239,2025-11-17T22:46:44.863083
41.620745234492624,15.453366016520857,40.19282584559237,1689.1438695270426,5.604788041790644,10.479571897553033,2025-11-17T22:45:44.863083
23.456292461321453,36.37990647035422,66.20763336287729,616.4851454783264,6.756068217915941,18.287158992577897,2025-11-17T22:44:44.863083
86.6494407135547,16.613380127362568,87.60181518840744,1881.7474055014825,7.791051361330165,15.885358921547747,2025-11-17T22:43:44.863083
60.38565235477662,22.096318995514682,78.90586234974622,1156.3292330316776,7.193595178070736,10.711447596219886,2025-11-17T22:42:44.863083
68.51971712345113,34.73414552813647,39.51835667918305,1699.2734880336104,6.850741329475769,21.116647727255607,2025-11-17T22:41:44.863083
44.50413650728117,21.37121456149105,89.47894761361945,652.1046815871223,7.610530813215358,12.100514312735102,2025-11-17T22:40:44.863083
51.12763540410078,19.25404844468452,67.24774304023602,785.3801532971804,5.598173535604131,6.799965133608901,2025-11-17T22:39:44.863083
10.510323472527254,39.3506436117057,92.77356863828359,911.2795354501491,7.320927135849115,8.645152460260624,2025-11-17T22:38:44.863083
63.687452566878086,34.16290129137937,91.53915590499565,920.3820965294096,7.45824495739012,6.64821126580297,2025-11-17T22:37:44.863083
89.22658430349186,10.773087962930534,69.22937242257287,1387.1107669723888,7.2201138926853226,3.0096894697272254,2025-11-17T22:36:44.863083
85.08238267785043,15.435498371502483,70.47897121058966,600.816942421553,6.268041042553177,13.661463543203109,2025-11-17T22:35:44.863083
43.37547348516612,14.806768029295188,41.11086615735514,952.6606186930394,7.393207445688752,22.449116171194714,2025-11-17T22:34:44.863083
16.73021298075063,21.79311722678203,36.51596164198698,229.86646513867618,7.154296706609891,15.061236049164695,2025-11-17T22:33:44.863083
23.041529105190897,17.014384992791925,31.541003986893696,1702.9049702499267,7.936726490121378,3.3864884198672702,2025-11-17T22:32:44.863083
28.518017101223847,36.05228571840802,90.22014686715201,955.3292890522586,5.626556180672686,0.984795842320485,2025-11-17T22:31:44.863083
55.91598928552084,21.78685326679537,31.862407792547543,1249.8543061626021,5.528256341472556,19.684298953731822,2025-11-17T22:30:44.863083
34.51462581626973,11.207740090276964,68.24289436390497,915.8319459794984,7.934501033392873,13.604966562592555,2025-11-17T22:29:44.863083
32.019134482960666,31.28316593901924,47.64698016527623,1827.6379245336173,6.436804926268441,13.74671406940513,2025-11-17T22:28:44.863083
14.045848305938309,22.783637138566924,84.10363007796468,1650.1678496540155,6.0607963971338155,5.6519767752640675,2025-11-17T22:27:44.863083
75.38442497705894,37.91195260507976,36.19845988274523,1010.1055509672054,6.343635697410573,21.767211386435985,2025-11-17T22:26:44.863083
16.6819931744015,16.33377827674112,78.91044194312212,292.32892816618806,6.731338451785723,11.052675866993,2025-11-17T22:25:44.863083
36.752094319099896,21.83716945956771,64.44613815046515,490.46124509908964,6.929989695708982,20.13580823249966,2025-11-17T22:24:44.863083
70.81287438321272,14.616997140813211,39.70121553319581,682.713861940844,6.402686815852593,10.211389535212065,2025-11-17T22:23:44.863083
64.37577734666762,11.700412964975062,32.25372577469432,905.4390132990362,7.242909230344951,4.8358835739120645,2025-11-17T22:22:44.863083
61.320358500500134,17.794844138208983,87.59559707287856,1812.2418996799097,6.243218010703316,5.749843849081013,2025-11-17T22:21:44.863083
42.9043177652985,17.215947555404462,73.70494981396074,1686.9164321869139,7.182730327278042,20.60876118123374,2025-11-17T22:20:44.863083
41.75937297659793,14.689509121265825,77.96681158084348,848.854109254797,7.178177063072831,6.766098549544141,2025-11-17T22:19:44.863083
16.49837078453381,39.7774538646329,40.15309801548895,1979.1577891342658,7.943199831416118,19.84545259770099,2025-11-17T22:18:44.863083
62.7538369665598,27.33421150753254,86.29660044955926,720.9911389150783,6.669203031212192,15.484749234162548,2025-11-17T22:17:44.863083
42.895238069559284,22.82459362270804,51.46850338763549,1215.617270032165,7.62643632003779,5.038209450157821,2025-11-17T22:16:44.863083
84.75464310027532,30.67262961244689,83.51275882420197,1201.143246734021,7.448791753560158,0.40500993348668024,2025-11-17T22:15:44.863083
75.47043398236282,11.204165772560996,87.84436946358606,1985.532945029558,6.235168655441944,5.257963907144841,2025-11-17T22:14:44.863083
71.22906910864326,17.5907902276076,86.26155490619323,385.11666588345804,5.814887990948396,24.478788877515388,2025-11-17T22:13:44.863083
63.90711186160037,35.406616732868585,51.08140952784867,1417.670749137088,6.9856045682714925,15.078753003073675,2025-11-17T22:12:44.863083
64.60259676301773,27.260775193872956,57.889054004673284,696.6608498849844,7.421453327283005,5.656810750079655,2025-11-17T22:11:44.863083
65.38834449235313,16.999984679479798,70.64646104703951,1544.740880832252,6.046784722266348,1.498582521532707,2025-11-17T22:10:44.863083
20.477899439533928,28.179909018130765,85.2140164046728,280.99427822376384,7.335378147604116,8.532966148751303,2025-11-17T22:09:44.863083
48.2822695935618,37.86578649536697,51.57814780782996,1037.6064810910748,5.534206036901702,2.0399680001209592,2025-11-17T22:08:44.863083
30.687327290782722,10.835567224632232,71.03939619313631,967.5170422429205,6.870363006820055,4.366179647408239,2025-11-17T22:07:44.863083
33.67456235492929,29.914734245581755,92.744677035976,290.75019248397655,7.725960802138165,14.422030032780212,2025-11-17T22:06:44.863083
55.113565340449895,25.00835605623281,34.51061558377192,361.7783331250892,7.002280014147715,8.523964285888958,2025-11-17T22:05:44.863083
83.38144532621445,22.19771612078417,39.31329481567167,1486.4939003036648,6.233383553602525,13.13675768389733,2025-11-17T22:04:44.863083
65.8266228404136,37.00792333606211,81.49242766210895,1417.4499221709034,7.199082955987858,23.648116100802163,2025-11-17T22:03:44.863083
33.66592779972288,10.033362825885622,47.67704636088291,592.2044833281392,7.154586462784995,15.842789994138226,2025-11-17T22:02:44.863083
57.47691061637791,10.487303296283612,77.37057353929208,782.3547424738847,7.162639972516578,13.914460712553833,2025-11-17T22:01:44.863083
37.418474034232574,14.037288013123232,36.13722834793126,1696.7329996020023,7.7959938552038945,16.24470116910749,2025-11-17T22:00:44.863083
18.27472918883867,22.06081650664722,77.38104800683521,1603.6775912181226,5.7955465557277215,0.0007679711345603968,2025-11-17T21:59:44.863083
66.9709636704484,20.697885279586167,46.541286555186915,223.2154456211458,6.850748516903749,21.278768385649542,2025-11-17T21:58:44.863083
86.61053170180703,26.972348518398675,63.43998630309312,353.101493880634,6.8721820038565,9.499476974134865,2025-11-17T21:57:44.863083
58.57082247068615,21.6617904362964,45.619443024273835,370.9374954110777,6.287296111472239,2.416120857193807,2025-11-17T21:56:44.863083
24.151756065918715,39.62008475738638,58.86673119893021,1157.3691797090298,7.684046321843038,24.889222512267196,2025-11-17T21:55:44.863083
56.617155947574524,34.374214631325145,51.25116658188389,750.339123405124,6.506759302486401,16.812681566841228,2025-11-17T21:54:44.863083
64.5753351404079,19.457183039483525,38.658645068880865,1338.3132616379155,5.820814655471911,14.462312705733252,2025-11-17T21:53:44.863083
65.47377024450472,31.01834489183355,78.97568719287378,1771.1469588181963,6.749897479911971,18.25622973823928,2025-11-17T21:52:44.863083
59.533818829266934,15.599198193930476,31.669826916511532,712.1744942184807,6.607584265844048,15.427648610716407,2025-11-17T21:51:44.863083
77.99674644025643,15.887371501184969,38.16073634340101,1934.2639054537894,5.770111398441018,11.96227675267973,2025-11-17T21:50:44.863083
56.84509830346415,26.241232627223148,35.59209020714131,302.64844520651485,5.763708568652589,14.639692096815313,2025-11-17T21:49:44.863083
53.54759101074569,17.012223761102327,71.45531921996346,1676.121503700169,5.603947399616485,12.45324858870106,2025-11-17T21:48:44.863083
65.14483296821523,17.56935781209061,50.00510884405469,1304.548225380891,7.744838233609342,20.248110507572484,2025-11-17T21:47:44.863083
56.65041752796668,31.906651532717476,53.713460563506914,1353.737950577764,6.665453977818892,4.748403411439023,2025-11-17T21:46:44.863083
66.13906191018057,26.69393912046466,53.31040282698344,1840.4105421415354,5.552335294566833,7.8943287812374,2025-11-17T21:45:44.863083
14.550511822211725,32.99581948664881,75.63698451739651,796.4339937253707,7.189157255517682,9.898430654898746,2025-11-17T21:44:44.863083
70.50030331379475,23.625509882101184,56.79818230905826,1882.5138478789418,6.127197749726751,3.011183499914136,2025-11-17T21:43:44.863083
56.763449060756656,39.07965436852537,54.55954889226713,311.66617453180675,6.348263168273919,12.648291357988962,2025-11-17T21:42:44.863083
22.953840530577097,29.743066541694763,94.85371028566304,1013.1310567665988,6.386821391825531,10.017604170861667,2025-11-17T21:41:44.863083
19.21169427161609,36.498208042786715,56.963667608887874,897.0939405647143,7.149225682326186,11.050835523278089,2025-11-17T21:40:44.863083
61.858677504627686,11.843388703923626,82.89201734194478,1892.9071151829246,7.121913465398465,23.86414822147027,2025-11-17T21:39:44.863083
22.114585149597062,24.32248568441061,69.11743770645407,1247.125965358136,6.503654447722608,8.452110234156535,2025-11-17T21:38:44.863083
20.145921804033506,21.752273516868346,40.57295298185653,1521.8582176859932,6.022077338736475,1.4641326321133463,2025-11-17T21:37:44.863083
54.18929102537874,27.85689198158205,86.67434898323286,1238.5669023518274,6.363702134308614,20.075297038158013,2025-11-17T21:36:44.863083
53.22231145499369,12.378408538935751,66.78028642036102,1834.4333817589923,6.490781563745552,7.408145047495002,2025-11-17T21:35:44.863083
21.477556561441602,14.543365658060718,58.13014648221823,1272.2236834907533,5.701538512924005,23.489214725629143,2025-11-17T21:34:44.863083
70.41068939561568,27.59871754850988,83.8485136110344,344.3361622618039,6.692097194332811,15.752328171541585,2025-11-17T21:33:44.863083
76.29223248946315,33.50408680147803,48.009501231370976,1893.5843052065677,5.810864603577176,21.878340465528805,2025-11-17T21:32:44.863083
87.67521996836949,15.314605696678766,76.93429417324604,272.51393380039724,6.513557062847887,12.90708247994185,2025-11-17T21:31:44.863083
56.45161807277073,38.07811744745678,73.69629467412265,1066.3003121946267,7.524187590664724,23.763320523860223,2025-11-17T21:30:44.863083
11.765291894583267,39.47563816768116,35.59858903913922,1665.8962026837705,6.200836881378532,3.3044914438467936,2025-11-17T21:29:44.863083
45.18845117710679,29.318697383428407,54.761869926525875,298.2177349088581,6.998652849146792,22.560081902766868,2025-11-17T21:28:44.863083
40.65722927578014,16.48998332892481,58.767527485632996,287.0528798878056,7.5512189612006875,20.658520273754668,2025-11-17T21:27:44.863083
57.040037074370275,20.593086668151685,81.98591868897591,1198.4366446190609,7.564830771375041,15.786469814575515,2025-11-17T21:26:44.863083
72.75243785702378,27.9568897965328,56.9191694340183,1924.3025478670477,6.852784562197112,15.12723796351346,2025-11-17T21:25:44.863083
27.63901115317994,28.769523682818296,67.15449721639135,532.7091163046449,5.648967743382859,15.108982992869278,2025-11-17T21:24:44.863083
71.09538154802564,25.702041127660245,44.74022064577697,1399.7395580474629,5.700264316524006,11.045842620048866,2025-11-17T21:23:44.863083
23.069340671873615,15.5337715317965,43.14910669528324,896.0727026791602,5.627875514050994,9.944836023227454,2025-11-17T21:22:44.863083
50.936595769176066,24.498828548989756,54.88096652619764,1710.4638945273546,5.863316731051261,12.64241859453435,2025-11-17T21:21:44.863083
14.963313356524344,12.134670366337293,67.30128022901127,1218.8331647980776,7.695083782111142,13.94684189150183,2025-11-17T21:20:44.863083
86.78328163238801,11.460845451997892,36.37049951074817,279.31855082668653,5.96319212583385,13.531752773541953,2025-11-17T21:19:44.863083
61.645774514194244,11.367554738460065,91.48810783996396,1715.897677970686,6.241531205392732,1.929688255661699,2025-11-17T21:18:44.863083
23.59096585752458,13.80833241264918,38.01344565443154,1133.4110395983212,6.114618606233501,8.953492913228612,2025-11-17T21:17:44.863083
89.16042667074579,30.529427467760343,91.6837433580551,456.6017990596081,6.455348687081424,13.868295082058857,2025-11-17T21:16:44.863083
16.14064495109904,10.125623308838737,73.57823169679963,1355.2751302425836,6.526972024999029,12.241101900800816,2025-11-17T21:15:44.863083
43.23544004736717,10.720151345346666,51.79915440413506,518.7480597151217,5.746060472753422,23.918010847233745,2025-11-17T21:14:44.863083
57.94877800337325,31.85968852709808,50.49864331229764,907.6648330892274,6.092309984741808,2.4241417741356184,2025-11-17T21:13:44.863083
24.3225309953267,33.925421358894575,74.04047733694543,1184.4719767738584,6.68772468216692,23.06085709140311,2025-11-17T21:12:44.863083
15.818795822293472,18.41802439713748,52.745960482096415,1608.366461983018,7.981286550404928,6.016762868928827,2025-11-17T21:11:44.863083
79.94458673096645,34.91868281295374,44.602730846714834,918.7986443586007,6.5241821732312975,24.45551671316396,2025-11-17T21:10:44.863083
24.471352110311866,33.97473913314346,51.72252642125214,1515.5666223970886,6.550027510739158,14.4589940779135,2025-11-17T21:09:44.863083
76.60894186609049,34.12496694951652,86.31750693008051,307.31118562038625,7.230126382599362,3.4996844180440716,2025-11-17T21:08:44.863083
43.265485441472876,26.457652451640655,56.178066508544,1135.3010164454136,7.991315771996548,3.380432842821368,2025-11-17T21:07:44.863083
64.03648362691405,21.88002899156846,38.64563692897637,485.72617407375714,7.873182765614042,21.99003741779405,2025-11-17T21:06:44.863083
82.56335683320175,39.7459832748216,43.54050035055367,839.7908072553112,7.173047574812166,12.09506349651618,2025-11-17T21:05:44.863083
43.47116267026668,20.734337480067794,68.5957410763244,1236.0681715521475,5.9036445851606,11.793495937960977,2025-11-17T21:04:44.863083
54.27774209678799,27.108608161941714,43.65696753930287,1536.0885060541161,5.562997737052674,8.870796388579066,2025-11-17T21:03:44.863083
72.41701188285069,26.91678763166207,46.97555811320592,1450.915614817486,6.918477360390184,19.90609023640968,2025-11-17T21:02:44.863083
68.80201489518586,28.30323766108704,61.73154889520291,439.72782620154214,6.153332544713459,10.477486822927132,2025-11-17T21:01:44.863083
57.943942960511094,25.411235656459144,48.731994187369416,211.635844021479,6.740598054752034,7.140649714056077,2025-11-17T21:00:44.863083
68.76866405684281,10.718387958114505,68.01380773487641,1894.6536275109177,5.936023167778749,11.791237268764885,2025-11-17T20:59:44.863083
17.313759345371054,28.770457367840578,65.78455923875467,933.2579435830983,6.803442553684353,22.414366461725255,2025-11-17T20:58:44.863083
25.703544184885363,10.676935351160417,86.00821750544156,1238.8107482982316,7.726646138654607,14.923630585329315,2025-11-17T20:57:44.863083
74.8128871967762,22.89020090065444,78.74089553373747,1843.4746404017408,6.930307409305516,4.5196287640594885,2025-11-17T20:56:44.863083
31.50380920241585,15.959337306922173,46.045706793722644,751.5478088318655,6.887834466882971,14.69979073659582,2025-11-17T20:55:44.863083
44.11997977934889,28.462623394625062,35.30237016473878,358.01882670468797,5.929573650894146,12.951937451008618,2025-11-17T20:54:44.863083
27.119574295865085,18.49853210477732,56.020334351244614,1661.3590232186837,5.53465533978215,16.23447050591556,2025-11-17T20:53:44.863083
63.510122483254825,33.9596734106991,90.62894103892036,236.2481281087217,5.88445926378304,22.154282351399825,2025-11-17T20:52:44.863083
46.68148497496123,26.937719168003905,73.09676824200457,1422.3198880921473,7.829351008291271,24.923735435291743,2025-11-17T20:51:44.863083
67.61259687447522,18.616636276154523,87.18390614913233,288.5976461733709,6.077702132186241,22.434642936592873,2025-11-17T20:50:44.863083
30.495321155148396,16.619531788652452,38.97814405411607,1746.4011637644496,6.750145647977717,16.87233007635387,2025-11-17T20:49:44.863083
29.125310726002375,32.74121263033649,79.40036042253641,762.6764448349402,6.526706582525707,5.242256935755021,2025-11-17T20:48:44.863083
88.12488186583235,29.368077311752348,90.7453522465085,746.0939785324397,7.454727282492224,19.14646609711855,2025-11-17T20:47:44.863083
65.33245214932333,38.969169258004015,55.58109684691051,435.29118246156315,7.179272148110152,18.232745011930156,2025-11-17T20:46:44.863083
56.004845876705176,16.20453679400189,62.7896362085081,761.9415258244329,6.568666320416723,16.130464396116597,2025-11-17T20:45:44.863083
69.61717941526676,16.966740727040293,56.34614844205197,684.4908277849325,5.996579034654673,19.58468049989596,2025-11-17T20:44:44.863083
82.74021555495939,21.1069655705373,78.83313008429485,1814.59152085594,7.615310526325579,4.570334713480648,2025-11-17T20:43:44.863083
86.50335052106891,21.300293212883872,52.05064297629936,312.3763891000046,6.715434135262208,2.7253403910232175,2025-11-17T20:42:44.863083
29.88318567419408,19.508278653018444,82.57371102695947,1775.8795707126137,6.2561657936536745,21.467453031114346,2025-11-17T20:41:44.863083
78.57847498958328,32.93952851154621,39.5351824109868,1442.581124421312,7.862560161451421,17.063511969178926,2025-11-17T20:40:44.863083
36.52934792862672,25.01737952292494,71.97212781781849,1119.0267357113064,5.7998823543274245,7.801601116300516,2025-11-17T20:39:44.863083
74.1916824442906,35.84254138286552,38.92450212651207,1914.2961543177043,6.322056544621523,16.557843468268,2025-11-17T20:38:44.863083
70.1460116765345,34.3583870391365,91.47373064468546,763.2551864518807,7.646266136378886,3.292172585905176,2025-11-17T20:37:44.863083
66.40327250828742,32.25933188541958,74.05201067808582,654.1665250432754,7.6826078675380085,4.221461584259875,2025-11-17T20:36:44.863083
14.290783321666467,31.523949718357365,60.90592149012769,1728.376435925617,6.458492852645647,4.2069647126928205,2025-11-17T20:35:44.863083
76.91537539758957,26.46728894920215,42.29772650537306,1496.6911974556024,6.777784096223751,15.107824556007996,2025-11-17T20:34:44.863083
46.871867056526554,34.86126951454019,83.92157651939824,1476.8998792838952,5.763503443491156,20.971346547601723,2025-11-17T20:33:44.863083
63.68103844263278,30.910724980128986,53.59388462625166,1782.7032010826122,7.313429000587144,2.8147616632298615,2025-11-17T20:32:44.863083
42.622242752493015,36.59141085880425,33.067785610329636,1930.549915355689,7.1979064207989065,15.784399441084416,2025-11-17T20:31:44.863083
31.64474051903931,17.463753662175314,91.2337842667587,736.890417621421,7.438763241797498,9.82804495517698,2025-11-17T20:30:44.863083
21.14032566277632,10.321458930860768,65.3767269059913,1956.401873388079,6.422840484523011,8.929808349826121,2025-11-17T20:29:44.863083
37.527329427955365,25.616315119145753,58.643217422579085,1783.846328108626,6.763801979308726,12.69394595471422,2025-11-17T20:28:44.863083
21.069727577644528,39.48218622731158,46.24823790647393,332.0553214272848,7.157865622438022,14.884159253921817,2025-11-17T20:27:44.863083
43.211652319419656,22.66576701642034,81.02915486801803,552.2827521793683,7.550633297362224,16.218677847375453,2025-11-17T20:26:44.863083
43.517581902361954,23.740858497516058,46.68206846709623,1553.8057988545547,6.78218685576317,8.02136356874609,2025-11-17T20:25:44.863083
57.68400926087602,39.872033561539695,58.292048177676,1857.2445214015152,6.3625420998114155,1.3683176731246471,2025-11-17T20:24:44.863083
26.339368509474312,22.560854299830524,44.27627035864698,200.40866879285997,7.787503844368818,21.096985280773225,2025-11-17T20:23:44.863083
69.38337851895577,15.03443786938086,37.8236324536491,321.6885490502897,7.310072971932303,23.22019901719713,2025-11-17T20:22:44.863083
44.44286567304296,13.574220159881445,63.30553334758693,827.8974334255342,6.437062310874994,15.533265603892682,2025-11-17T20:21:44.863083
67.49744906097618,13.318107966194825,32.313365002420966,1989.7945448342869,6.08182087228888,1.3457631227114768,2025-11-17T20:20:44.863083
25.1900263276736,11.168735390453927,55.46770815011616,1644.3232120123837,6.353111124394301,11.104585171959164,2025-11-17T20:19:44.863083
64.0469418853951,25.266822102096405,85.99396959138608,1758.8642150823616,5.524776738727884,19.45115766207998,2025-11-17T20:18:44.863083
46.85868801933391,39.665216239109895,61.410084931903285,1976.4127016989355,7.386423403014342,6.215122115332658,2025-11-17T20:17:44.863083
53.07159834295661,39.76406918435748,85.73948950387503,375.26040882419795,7.26592999202499,8.639489646770325,2025-11-17T20:16:44.863083
10.55858095042785,22.10442907080999,45.259037412123135,1673.9646869368487,6.343326522114413,20.688092348845426,2025-11-17T20:15:44.863083
10.047835106783625,19.234574500783573,45.67573893000453,620.4212499234998,5.670466549413657,4.678106760262543,2025-11-17T20:14:44.863083
54.44396559084959,18.740832185132334,57.130660851394616,878.3603846249393,7.689762312499736,22.632474975262888,2025-11-17T20:13:44.863083
49.436557732468806,19.904678509468134,36.94204576015363,1916.125182887771,5.650567362250744,7.441256939207011,2025-11-17T20:12:44.863083
33.84529609360033,19.612038584206445,40.6786448127066,1609.690575662655,5.806244654914973,15.87266647882907,2025-11-17T20:11:44.863083
19.907682136465397,12.116069127788696,89.11291773958197,542.2317793736702,7.553125386399261,13.615771777678395,2025-11-17T20:10:44.863083
16.228521568701566,38.66344574314202,46.052475854473016,1747.3616216346918,5.92202501446141,21.34857205354632,2025-11-17T20:09:44.863083
11.058305032423519,25.35341369708442,80.0137676624012,1882.63193148701,7.773005340516217,20.49062173869112,2025-11-17T20:08:44.863083
81.05530797290433,15.976590575112295,48.47197922126237,720.1433448579053,6.442634827504247,9.833016759629718,2025-11-17T20:07:44.863083
53.56442597237404,14.796392900993242,74.9310331460893,501.6197707481117,6.275771205261369,12.583628265153852,2025-11-17T20:06:44.863083
73.71524492187818,32.18407699716182,71.95973316668395,480.3918690443063,6.867613364038944,2.1861625449971362,2025-11-17T20:05:44.863083
40.189054143732065,22.405495908698775,32.587743563974,693.1785790459493,7.889123668166223,23.840815195742238,2025-11-17T20:04:44.863083
38.18616434020314,11.293003268449722,41.6411710563318,905.9920281803722,7.869449244923075,3.529976588429623,2025-11-17T20:03:44.863083
71.08126749345698,13.260476181240762,93.781742530433,886.909698396443,7.438086347247641,8.564777070278296,2025-11-17T20:02:44.863083
60.213510172704694,15.760482542201101,39.49136625430256,1888.5154512226363,7.794118194761084,22.18672350532206,2025-11-17T20:01:44.863083
60.03467601332748,34.24804633648834,34.48740089923937,802.6202754032224,6.284257811892891,15.89113304881533,2025-11-17T20:00:44.863083
38.47662187765124,14.455203449310424,68.77035990188034,1665.8910572043467,6.455308736149933,3.3067178774620425,2025-11-17T19:59:44.863083
25.735055785025843,17.12449915508152,49.49334354464486,1357.0311269113565,7.002363711344298,17.40199653917598,2025-11-17T19:58:44.863083
39.00015876252105,34.71992955639935,43.26569797512442,1044.273345532677,7.502346803853576,4.503966193315481,2025-11-17T19:57:44.863083
18.789049099262634,36.51051903063969,52.290428079347734,1430.9662248362577,5.563371510659846,17.25117221023624,2025-11-17T19:56:44.863083
35.28810492375764,11.672225607623252,69.63782950062762,633.4468689317118,6.4670181051297,2.0145203071628397,2025-11-17T19:55:44.863083
21.773060087595624,18.93931706487531,35.83436753641021,1839.4872764353674,5.515117607959946,12.096505471607784,2025-11-17T19:54:44.863083
19.859796650604117,19.230372684338455,90.19387138818726,491.05019589317635,7.914580799295832,5.144859424735543,2025-11-17T19:53:44.863083
69.32528867734636,26.40031794691935,87.49111729378934,1197.1878599056358,6.836398047890771,4.886450009209997,2025-11-17T19:52:44.863083
23.2983489641327,37.49467453346543,51.30948292525221,869.7480589332126,7.39955914607097,8.470587060570184,2025-11-17T19:51:44.863083
86.16499573112021,32.13783306996401,68.83290076727229,1785.6112889805545,5.624014770873707,6.426567304730218,2025-11-17T19:50:44.863083
47.2029067376728,16.80935618414563,78.35383717463988,1854.5744558967053,6.559425299827309,8.553315002797374,2025-11-17T19:49:44.863083
86.9240585710053,23.345572984826227,61.78814602920341,832.9697702154297,7.773871182530346,14.223887082046268,2025-11-17T19:48:44.863083
70.97396697453158,34.35420155052659,52.22018772462178,980.6497963766841,7.6211794360156615,9.081383791895256,2025-11-17T19:47:44.863083
73.5148106761481,38.22976967723311,70.50867424942045,1534.9291174134,7.512743280102837,21.12599122241606,2025-11-17T19:46:44.863083
41.604267028543674,11.537903775279945,56.12195763038807,1412.7612136113617,6.625875964451982,18.724078771509962,2025-11-17T19:45:44.863083
38.55859435749311,29.042324233120887,42.11728731550835,1548.8649859609225,6.8642399220325645,5.101609713665015,2025-11-17T19:44:44.863083
33.35289387982458,32.45826125745497,61.369080317998844,588.8565927075299,7.918177975925744,17.878125495422196,2025-11-17T19:43:44.863083
86.57078660318369,22.813151360810295,60.881522144961835,1816.3193891330345,6.812623350613462,17.68197279764168,2025-11-17T19:42:44.863083
30.173830199642396,23.401794061079215,38.024241277673084,570.764064578531,5.502358538169077,0.9816262912165058,2025-11-17T19:41:44.863083
88.18270585415435,17.27061085410287,73.11519611776012,1710.3794578393008,6.87665114809141,3.828612502098905,2025-11-17T19:40:44.863083
68.24931498689331,28.007542302987492,77.53128830757939,1585.543921142757,7.9385259192118625,14.33908200066775,2025-11-17T19:39:44.863083
37.331289015248146,29.453936707007113,34.4486461007707,1815.3151729788553,5.798452528345492,8.196070947145456,2025-11-17T19:38:44.863083
75.25963045008967,27.919371349921356,55.586308818033736,1052.1841868750384,7.636368483005451,8.500109651497304,2025-11-17T19:37:44.863083
79.5719747849737,12.644032929300746,80.491898418561,1725.5857394985255,5.954544132093347,10.75866330930501,2025-11-17T19:36:44.863083
23.239981973092448,31.19812386982653,64.79760492400769,1343.5820240749779,5.991217417390528,5.293646551310488,2025-11-17T19:35:44.863083
13.31978604079251,19.66202605587189,66.38340298668888,1744.2828451951918,7.167318618646702,10.884908084993786,2025-11-17T19:34:44.863083
86.24960915153102,31.577356017274955,90.46073818606575,1149.6583518898983,6.1472606869828486,1.3206671591180497,2025-11-17T19:33:44.863083
68.08678811870804,13.639089940166023,49.68038333767787,1158.4476341910154,6.911041469449369,15.0145799246784,2025-11-17T19:32:44.863083
23.30042642797605,21.392122144649463,70.11762476260284,1945.6739563408125,7.319077844249222,23.065093927348947,2025-11-17T19:31:44.863083
70.97696466513416,27.751509066772012,42.481518993862394,1400.0341734065235,7.058448914899768,15.061729261431662,2025-11-17T19:30:44.863083
49.18286943905926,25.85969811967827,51.73876426267677,1134.7628467561458,5.9938897641961955,20.12935993400942,2025-11-17T19:29:44.863083
24.862156375896625,12.548988696683992,58.35599171321523,1384.9533911109113,6.594292062333853,6.918853298782715,2025-11-17T19:28:44.863083
54.65369471123526,20.410070062365996,90.63639985823116,1860.7612512864298,6.755929549930238,8.197099850456462,2025-11-17T19:27:44.863083
68.97059311653112,11.101388304492,60.85998539283733,805.3821096866003,7.801339712756387,0.30007568181706357,2025-11-17T19:26:44.863083
54.22519005746793,32.21990743199878,61.526169189062685,353.72545429289903,7.931153475069756,12.950260784402449,2025-11-17T19:25:44.863083
59.13489954552091,17.09829348122522,61.427375531942246,972.4690855249794,5.687239605004959,2.6540088386866807,2025-11-17T19:24:44.863083
76.99780156950196,17.19459856619771,42.67228764741098,1108.8406122502506,7.421867828406283,1.548662964474698,2025-11-17T19:23:44.863083
56.14463357106047,13.5763132852172,32.3699683036652,294.93911389199127,7.585410270521104,2.949312090701539,2025-11-17T19:22:44.863083
13.612109152983356,23.13699661428737,84.85957567623161,672.3350776807436,6.554281543814791,0.9980633140937806,2025-11-17T19:21:44.863083
45.92628113079007,27.32839241911401,67.10895849388942,798.3680459138573,6.288832951657839,2.665590473414947,2025-11-17T19:20:44.863083
39.34386565170147,12.98484006618894,79.82873640628335,1939.2937359467346,7.925186141666767,21.626777484384846,2025-11-17T19:19:44.863083
58.06337194716953,31.025970917316396,48.538377174226916,1335.3867563107171,6.639123873599694,12.050433494423313,2025-11-17T19:18:44.863083
70.62212483001264,18.457550667917552,50.67257476014379,1864.355224031546,5.640560737127431,12.14085746033351,2025-11-17T19:17:44.863083
83.02406403262894,28.31089023454471,65.51645982378858,649.5395226128394,6.3581887226611205,21.301210395117323,2025-11-17T19:16:44.863083
54.73745054147665,25.442265812703397,36.47268138010188,228.85068161922163,7.909212971717623,9.424654182171041,2025-11-17T19:15:44.863083
58.25704496796035,12.39145219561855,74.40242857199803,1878.6200756707296,6.939163132493549,3.152883059385264,2025-11-17T19:14:44.863083
56.53772219787814,32.99041639313957,56.41707487731121,1783.7079462946422,7.121707383393411,22.481222957230063,2025-11-17T19:13:44.863083
59.88042489978697,13.938639160144728,50.12996122183729,563.2309068544225,7.772066244292156,19.010001682187067,2025-11-17T19:12:44.863083
64.11186951280048,19.02898958894865,41.96291018326388,1561.6119583800412,6.685394864697699,5.644738803765728,2025-11-17T19:11:44.863083
59.32975825322201,11.21001556415356,51.201066518336475,1043.4025902640424,5.869895835273515,24.61636193977099,2025-11-17T19:10:44.863083
26.727789167169142,13.910593901297966,43.229766802648264,1584.3100396875036,6.563764148179607,14.135398493813451,2025-11-17T19:09:44.863083
11.68073255890886,11.032939257199438,58.97866073875605,1669.9794377629223,7.7130971967689135,2.1676641898910054,2025-11-17T19:08:44.863083
53.06904816808182,37.39689058837811,55.21822903586261,1693.2184965710635,5.83423913599859,23.384862241694968,2025-11-17T19:07:44.863083
70.11386540250422,38.24003178360705,73.98012018091292,854.1270775989686,7.845452931311806,6.889169407729462,2025-11-17T19:06:44.863083
36.5738017649386,31.02425254005221,79.74555946915011,1872.926270928477,6.012006022640524,19.9499508804806,2025-11-17T19:05:44.863083
69.08368427175708,11.913836687607937,55.16950417866345,708.9778227081774,6.261226060885076,24.57367198886752,2025-11-17T19:04:44.863083
61.42219307839423,31.530284733804987,93.4801464254756,878.9632084237496,7.5046004211320145,10.863274082612385,2025-11-17T19:03:44.863083
79.56269374519837,15.419726239339095,91.59960150917817,593.7890751395835,6.315551267452329,18.90480585266951,2025-11-17T19:02:44.863083
41.500411325232534,28.2463413029934,58.89727756951285,1536.2658867616074,6.070828130921527,1.461449680921925,2025-11-17T19:01:44.863083
33.9943517978453,24.229259946052906,40.92130339252411,838.6351213814996,6.499957545733921,1.4347960922068386,2025-11-17T19:00:44.863083
56.66457985473636,36.53030283913863,39.86328934194841,1276.0544241227253,7.161848012277115,10.483367010482208,2025-11-17T18:59:44.863083
66.0878069891416,22.32194630473036,62.80142371853327,213.23548019796857,7.229300285336722,16.53356697361811,2025-11-17T18:58:44.863083
13.072070186107565,21.047503221853994,93.63706965145838,957.3258126235103,6.754863512829605,22.748253953992965,2025-11-17T18:57:44.863083
67.3809500692605,27.462103933726706,81.85730428716971,1755.8592796207517,6.642220179343167,11.877709123295885,2025-11-17T18:56:44.863083
40.88407485214687,39.001184200553816,75.31580652887277,349.80151917453014,7.657399058282547,12.013998520906702,2025-11-17T18:55:44.863083
15.500312513798997,26.491517654899333,57.11567813342063,1779.9489287527247,6.009986509023468,20.661615237304574,2025-11-17T18:54:44.863083
54.615095294836216,11.638309096404072,93.1699445861565,1122.7074393857597,6.227192135578957,11.735171049731452,2025-11-17T18:53:44.863083
78.62862268139912,19.147093731551905,42.52396577163552,432.32824447558664,6.244648495975528,19.501202176001087,2025-11-17T18:52:44.863083
47.730109215620935,16.8244481108062,40.802024974633696,798.9130577186824,7.849810932214272,8.57566781475061,2025-11-17T18:51:44.863083
89.04992607637082,24.556913672960686,41.64565468885981,1804.0521652283169,6.650888432837068,17.74178358761311,2025-11-17T18:50:44.863083
88.69692665673215,11.50526050959922,36.28514638619186,1496.822134632961,6.20456250823868,4.6075349237524765,2025-11-17T18:49:44.863083
13.14895038557836,10.655401359586055,80.3415642027864,441.98016926519,6.669301539927877,15.147420379487075,2025-11-17T18:48:44.863083
44.2681440455077,10.813199570086994,80.92759766821408,218.92380417497628,7.40472473594371,22.33261234470307,2025-11-17T18:47:44.863083
44.62719368457378,26.066274192933946,61.003920520147496,900.5755135221899,7.718561338425901,22.34833776674976,2025-11-17T18:46:44.863083
36.865309171322764,28.45209262044094,90.24899153948117,1931.7052980944327,6.772397601055118,11.32062013210817,2025-11-17T18:45:44.863083
32.29554527428206,38.7661561957123,39.282929790736375,1243.693236885905,6.206375668796597,6.975207258694915,2025-11-17T18:44:44.863083
42.397486990095075,39.96378807446963,33.572809944588435,1241.3752727663566,5.7064303950881925,3.863020749762974,2025-11-17T18:43:44.863083
45.165035341831896,25.31380394039324,46.821506543694056,769.6228355739491,5.717417550639833,7.580494596106263,2025-11-17T18:42:44.863083
87.32467515044353,38.34122145017445,51.767088858904025,1227.5370853017707,7.773988477777361,0.15459556602241686,2025-11-17T18:41:44.863083
74.85468562700734,38.451086583667575,35.93617273168121,490.60583485925787,7.901865756928388,13.438503591008658,2025-11-17T18:40:44.863083
11.135730757737896,17.728959962905876,59.246338827475874,1447.236039844582,7.332900945341999,24.885537823136403,2025-11-17T18:39:44.863083
33.00089595070072,26.146603056054257,64.66603061087432,930.1614670050275,5.922904734606051,24.436414079596062,2025-11-17T18:38:44.863083
78.26537493332688,24.949990848827117,69.21095247446195,609.0698964073922,6.859467675979367,17.374253328036897,2025-11-17T18:37:44.863083
51.21336227092711,39.70855511754824,69.7372076561022,867.7526826659043,7.430380069039595,4.261562789541051,2025-11-17T18:36:44.863083
40.76126509650132,20.408768511327576,58.06746118200552,1607.2036866717074,6.7104325804085185,19.85036125664907,2025-11-17T18:35:44.863083
56.11911225118927,20.26208303972666,82.64861833942571,628.9214069955649,6.0609574494994884,12.612573101370895,2025-11-17T18:34:44.863083
30.86793967696711,10.27261104853649,72.1393392744221,1119.9688786503166,6.613794536232903,24.174212865457882,2025-11-17T18:33:44.863083
55.6959347170331,35.90294733368154,39.064265353335415,1224.57163363297,7.669949066827257,14.57764393199745,2025-11-17T18:32:44.863083
67.44113425016012,21.16130703436622,36.00921860740933,1024.2205312287285,6.486198477097144,21.676504559473685,2025-11-17T18:31:44.863083
29.51962418819778,39.00202682605324,92.27897778729225,645.7369575285896,6.3701298886933015,22.388893521847127,2025-11-17T18:30:44.863083
87.3297776716886,23.30317308508132,50.86480796665836,1146.9692238527757,7.219423015914337,6.836862884374495,2025-11-17T18:29:44.863083
68.91785396952582,11.549720713439232,33.20414202968707,895.3178692619814,6.383682980151802,7.890830384178807,2025-11-17T18:28:44.863083
49.2815810135128,19.62200746934714,42.49676470042598,757.0451883594817,7.937260682025587,10.277835424871215,2025-11-17T18:27:44.863083
45.57702214866686,27.2963496985342,93.91714994692472,634.8822975843734,7.203205276331085,17.899617338543102,2025-11-17T18:26:44.863083
58.585953343445276,12.657350189099322,73.99669792879247,315.37047986511584,6.990356623874742,18.489529430543566,2025-11-17T18:25:44.863083
26.877591249596033,35.24866022628322,31.972997359645277,1718.863154584951,6.650822626606913,5.439698498291112,2025-11-17T18:24:44.863083
20.70225159951744,38.599215027471175,34.723263192775185,558.3681558846662,6.369555868582615,15.505871224028011,2025-11-17T18:23:44.863083
53.58408682208787,13.76930477236942,48.832318942983946,629.7531879548433,6.033857136225853,10.278608411999675,2025-11-17T18:22:44.863083
66.32251620733255,16.523587966517077,53.83412718069379,903.6513683140921,7.941141323588525,23.866658921976722,2025-11-17T18:21:44.863083
74.01100662016607,17.249767624575554,34.42242541595853,770.4274478971246,6.166986373584577,12.648145003659847,2025-11-17T18:20:44.863083
72.21823280542344,35.74968816636574,84.91616555168305,847.416010201522,7.218085858651707,7.820854938105501,2025-11-17T18:19:44.863083
14.872443458814617,31.046957968088268,30.63879091703621,936.5286574252794,6.323448173255189,17.33443846297131,2025-11-17T18:18:44.863083
71.29963782083031,19.122839079138515,82.75575593891548,729.0501689088808,6.615815899966403,18.17546317535335,2025-11-17T18:17:44.863083
65.43361833798309,39.621054169366005,44.635466574035576,1392.1722443712483,7.024204770689444,22.87746136225075,2025-11-17T18:16:44.863083
22.508971331590004,32.553944907607985,66.93746005746993,694.3985656182297,6.686087285367935,8.344414926744944,2025-11-17T18:15:44.863083
56.34507222307687,36.67001832443998,67.00482398679313,1337.1003529878512,6.796869617786774,1.2791376611368976,2025-11-17T18:14:44.863083
28.62868455008754,24.760051882962482,50.165293443405815,527.1744759701496,6.760332104796095,8.070244836196258,2025-11-17T18:13:44.863083
30.64861145387318,23.919562523211425,38.66347677534125,1869.942319535733,7.669255244798098,17.69051464351338,2025-11-17T18:12:44.863083
18.4971062070765,33.27631763409079,82.51722632708623,1581.9763118858077,5.784914717798103,16.097698926694118,2025-11-17T18:11:44.863083
76.74598365995189,27.32060203659003,72.01647938982578,1025.054262967351,6.821768299710131,0.8594214587931304,2025-11-17T18:10:44.863083
61.117041757862765,12.443416386734775,58.27594863211452,726.7791758013341,6.863569875529283,3.335408388080177,2025-11-17T18:09:44.863083
65.33147215786545,33.85034610785411,40.61803923330517,387.7635572333879,5.863788706968398,21.928189047462542,2025-11-17T18:08:44.863083
52.2551409405085,24.01782988022508,36.936268241653025,1369.2008121625313,7.669998979737725,20.704646733086324,2025-11-17T18:07:44.863083
60.0843767184641,12.258361499550208,37.305806766440845,288.7561767976844,6.143698041231174,3.3915366790094437,2025-11-17T18:06:44.863083
30.80384322019471,21.55174167156885,91.29388096462381,1298.6769076070457,7.587434464207406,17.758787517808305,2025-11-17T18:05:44.863083
19.00025044213054,32.07761219121846,47.88142730134309,1350.3941245904714,6.352404934107471,24.94180658161648,2025-11-17T18:04:44.863083
31.084118359742227,18.37391412322809,90.49369661155589,244.3599283453808,7.241722469682992,18.133159768396954,2025-11-17T18:03:44.863083
76.91028619283195,39.23317931915426,93.4141247451824,317.498163619635,7.554598306882257,16.157748341434534,2025-11-17T18:02:44.863083
61.7873707498473,13.850497798440845,72.26216581896747,1968.468645082246,7.779546423848617,10.978266520121263,2025-11-17T18:01:44.863083
13.195837862887547,20.868804700006145,83.71537025403609,1462.698382637299,6.648359138984891,1.3775383789707774,2025-11-17T18:00:44.863083
44.15157822586421,24.070748191536506,90.35610963811884,1353.954986447887,6.279132291636622,13.132956611268035,2025-11-17T17:59:44.863083
15.284424625772806,39.177047069492104,53.40389362549719,1060.1612388436445,6.3882099355923065,17.062793252905003,2025-11-17T17:58:44.863083
62.97857266636744,31.45966931587407,47.429309924774856,768.2032660953188,5.81312807774052,16.387749296152816,2025-11-17T17:57:44.863083
13.183770186852204,27.930470065703773,86.5302325153562,1803.4978669213403,6.622594400924904,11.482592205326844,2025-11-17T17:56:44.863083
16.157534640641387,30.122950763291072,83.38186232423496,640.3790982884834,6.553252204083412,20.97098341913176,2025-11-17T17:55:44.863083
80.16963741298304,17.29539940792678,65.78709124518868,546.4876711444888,5.754696910348891,22.77801253479894,2025-11-17T17:54:44.863083
75.64060033856873,32.80104705409522,33.16981072285413,1718.7118268784634,6.595110189763459,8.55987808239649,2025-11-17T17:53:44.863083
53.718108882030116,12.740597281706675,79.18202570790592,1248.3831383989325,5.966475242182919,4.70580499422614,2025-11-17T17:52:44.863083
24.739892125813938,11.710071626558019,68.2068992091595,1712.6267196593146,5.543745534968472,1.2251161242818387,2025-11-17T17:51:44.863083
55.82162213495566,34.58487056158157,51.238027886961184,829.3059178538999,6.99086624374194,6.855322228103675,2025-11-17T17:50:44.863083
12.12866928621473,32.05685554304788,70.66724434119445,1245.3607983001864,7.354210322479558,16.880770939050937,2025-11-17T17:49:44.863083
26.470559054265692,20.574431408300534,38.19715920911062,433.74262415218584,7.190489365891348,21.465002674562456,2025-11-17T17:48:44.863083
87.01860670889113,28.850413526483333,41.9665860184622,390.1706218080753,7.5321274288418945,14.468911908999981,2025-11-17T17:47:44.863083
59.46280168109759,33.44386266264128,75.71301980260935,1702.024855140974,5.640534763649696,18.68801591866262,2025-11-17T17:46:44.863083
78.06822058576763,18.58405127374943,71.62907280956144,765.4917149065498,7.894927666206135,0.8355893108875939,2025-11-17T17:45:44.863083
56.3834275066364,14.995106411485452,76.29431333651532,516.6025101535918,6.088458154745894,12.359270276143953,2025-11-17T17:44:44.863083
83.18679599975025,16.351431164439127,39.375601372676726,1566.1582973372551,6.751548830834827,22.794627809544284,2025-11-17T17:43:44.863083
21.729164572787383,29.37783679069118,45.13714449986798,482.16877157295073,7.208573537893177,14.84211549771833,2025-11-17T17:42:44.863083
70.3861966689865,19.283877293385473,59.11815766484234,929.8490173947532,7.960223659916286,7.306223918484697,2025-11-17T17:41:44.863083
33.58537906774135,20.636446264858222,66.69861528387091,654.1809396747415,7.788224850948184,6.642139121656587,2025-11-17T17:40:44.863083
81.66525852481557,13.10425190939754,72.6765756559774,1832.5739331888387,5.9218735959955735,24.208174002481375,2025-11-17T17:39:44.863083
46.230668833240934,38.37145325323073,73.99330283595305,742.8563657723928,5.970756312292766,7.593376155627485,2025-11-17T17:38:44.863083
17.441392741014,14.316038990299893,36.80292862252127,961.2983787348039,7.488945940643966,3.5345888554085048,2025-11-17T17:37:44.863083
20.425634653786872,29.302868485519923,42.816893827924304,375.6980685961849,5.917121445513944,23.093284896919403,2025-11-17T17:36:44.863083
75.71770022209526,20.621936870652824,72.62834987628054,1167.0962126024685,7.19281065870641,17.066778811568984,2025-11-17T17:35:44.863083
60.298721204799435,17.98304105611926,32.53541734958318,1020.0202075821959,7.72743471172676,14.237431462964398,2025-11-17T17:34:44.863083
76.59128333615263,39.748730288836846,40.63505326898796,1445.1997504555682,7.185733934250061,24.498886183956962,2025-11-17T17:33:44.863083
88.84805871622403,30.600358351723884,45.83496147884263,1637.4005086350783,5.767572835527595,19.517482604290716,2025-11-17T17:32:44.863083
82.81568993157572,21.485001843053055,70.99129417390023,974.2569177742873,6.594412637470321,7.7592722277030015,2025-11-17T17:31:44.863083
70.97036963602596,38.085296924995156,91.14880585023997,514.606312774881,7.6868591241414155,18.435786035678053,2025-11-17T17:30:44.863083
30.226992055223143,12.018538387645437,47.41982234748457,1841.9748262067462,7.08294668723943,18.026366522446796,2025-11-17T17:29:44.863083
30.572188088727668,31.581644667244607,31.827897908065044,875.5784223914249,7.066883371355829,3.652414138533006,2025-11-17T17:28:44.863083
75.84028595575478,17.05093896435756,72.398272333199,929.3548566355935,6.990108988694118,2.686263815722703,2025-11-17T17:27:44.863083
11.353023993728586,37.28693282140904,47.52595056986688,1675.4186050048263,7.9983757511805,5.285781449972779,2025-11-17T17:26:44.863083
31.213659294668446,29.88579362903997,92.75416124904038,1848.465826743339,6.757188800163962,19.877757063168115,2025-11-17T17:25:44.863083
20.859668247992083,39.32314552612037,92.68296021233913,494.71212418250775,6.248557812007767,2.503874937669173,2025-11-17T17:24:44.863083
31.737407911854376,34.478673682456204,54.59051446574186,359.11454086416506,6.3555638119472615,24.534583356032,2025-11-17T17:23:44.863083
60.37468762073623,22.48482839218473,40.82500337732255,1975.1182351106506,7.552122523157822,7.036932561272985,2025-11-17T17:22:44.863083
15.605495657695156,11.698766721326741,37.8245797178597,1245.383450505959,7.821908553013731,12.418585700149611,2025-11-17T17:21:44.863083
77.43563859649578,23.376598595794235,76.05793047490863,1517.3709271157015,5.934909264758347,9.030401474395294,2025-11-17T17:20:44.863083
60.98417252304191,12.120898245530984,53.50011220459218,1162.6390393061465,7.990561232611597,11.863339065561018,2025-11-17T17:19:44.863083
75.28454056914589,22.962018551998533,81.76539697028107,1271.746642916195,7.716488603755996,10.273563808752748,2025-11-17T17:18:44.863083
58.34435358571831,28.900560418564822,57.12989121703076,459.76167863746673,5.7338985172808385,0.4167887649908275,2025-11-17T17:17:44.863083
79.88274113961717,17.094247367160836,43.74793870331492,1524.863720766918,6.300040282718479,12.651117310295914,2025-11-17T17:16:44.863083
23.0008852237965,38.79237164385908,85.35279100112044,1754.8213213370059,6.516934371430013,19.05903034267932,2025-11-17T17:15:44.863083
21.510092431182414,10.258570077753408,31.298240617571828,1255.8831273282087,6.638487263119852,12.950383722712994,2025-11-17T17:14:44.863083
10.597051233377552,22.68059858972277,76.67443047805595,996.8486635413846,7.330548015780556,5.82547410992087,2025-11-17T17:13:44.863083
75.05136035853803,27.65293721360357,43.6996014629439,626.0968565368993,7.0700761614238425,20.748489830311083,2025-11-17T17:12:44.863083
43.25022256233241,17.749012873827766,86.35575444918902,1404.6829251515028,6.620213718207691,12.197504881982546,2025-11-17T17:11:44.863083
26.34051743491171,28.804078901945317,53.31826318528776,1992.1613180138286,6.7004587881547195,12.14714015474033,2025-11-17T17:10:44.863083
55.268142992853754,37.502680093562404,82.05317649088377,1012.0341256361146,7.29674816493199,14.65588746951904,2025-11-17T17:09:44.863083
49.389363896099916,15.769473183530515,60.15585712456791,642.4734566406344,7.787105374629137,8.385170337408674,2025-11-17T17:08:44.863083
86.18112116266978,25.991658702841335,71.05038461395043,1177.2928000807901,5.823451542416752,9.395530475198525,2025-11-17T17:07:44.863083
17.931688982209913,28.68862132550145,59.04682268802853,1600.3729488276863,6.051176202498425,4.114151460733373,2025-11-17T17:06:44.863083
42.50657847710143,37.79756149655144,76.17741797580676,954.0625246272537,6.793180424385776,2.1053252794274586,2025-11-17T17:05:44.863083
88.76607171008905,29.992219140847567,48.55126445012246,1254.45510958744,5.773705915172485,24.14591672018959,2025-11-17T17:04:44.863083
23.982799030669277,29.440909541656424,45.95454006503048,1491.6104887673644,7.442053418100702,16.835493222785818,2025-11-17T17:03:44.863083
59.1599568204154,36.77407281856035,35.110736214334274,795.6465784043513,6.1207186990771145,24.70034905163554,2025-11-17T17:02:44.863083
41.15118237334988,31.978380977211962,74.5071356522653,581.7462274592799,6.097494200528878,7.032114088825852,2025-11-17T17:01:44.863083
42.890182260750336,17.029751969515804,31.277346378545108,1782.9075022529519,7.91402457845221,8.539259675789198,2025-11-17T17:00:44.863083
37.080550354037825,10.212754383231129,74.21629474147431,1685.7918123475317,5.866520750900008,3.9916587341787686,2025-11-17T16:59:44.863083
73.20665999771502,28.48872245062434,32.9159362458016,1320.5845828321071,6.272294307109415,9.218128886771149,2025-11-17T16:58:44.863083
71.57851346375041,34.32805578017832,56.02318074458899,1904.8752848114386,6.516156794880181,19.295900880752747,2025-11-17T16:57:44.863083
48.710181165140725,36.925969795662525,89.00448083726161,357.35025416795094,7.841233328275564,20.63837103801039,2025-11-17T16:56:44.863083
73.30485714501336,16.027340190565674,82.33274856905322,1730.2389224330664,6.222875836135377,23.806501959058092,2025-11-17T16:55:44.863083
13.98881171193314,14.49727759741419,64.94277397334844,1236.4264480201575,7.112875208252259,0.42422823288666145,2025-11-17T16:54:44.863083
86.82934196977043,11.33764278202432,39.29902692702115,225.22613154690256,6.917146083235236,23.306672098024308,2025-11-17T16:53:44.863083
63.275773286437136,34.679724054412816,30.863278224807704,1175.6275372635068,6.648907443763805,12.474198605519826,2025-11-17T16:52:44.863083
15.777054826815036,30.533060832079222,62.709326965811236,1577.2679297502752,6.713226585154288,3.734540905660802,2025-11-17T16:51:44.863083
61.86055632622576,15.171590863154986,86.70564661806297,1303.6092303246346,5.893009708892386,24.058451437030172,2025-11-17T16:50:44.863083
51.46923706682565,12.18695355614965,70.74413878697936,655.7580326230584,7.509233629693256,20.445551839154767,2025-11-17T16:49:44.863083
88.31578846837294,25.05608593073511,59.572197182302915,1556.2560898036652,5.8311766408548165,13.672887844828105,2025-11-17T16:48:44.863083
53.699808010468075,12.684193684311616,57.16896555794938,1735.9126374209636,7.640384054986651,2.480941622992025,2025-11-17T16:47:44.863083
17.25767061982647,17.880864310058058,86.85979406600958,432.0246531322981,7.2999920065686155,2.5291404903275803,2025-11-17T16:46:44.863083
59.85102829982603,20.682018973574344,81.27940759278135,620.6428078856545,7.098004573474899,5.892063364397123,2025-11-17T16:45:44.863083
67.0928226489723,36.21034103682246,38.2421169432394,1759.8722394719064,6.983938136035745,3.1777622716755993,2025-11-17T16:44:44.863083
44.20334842877696,14.825808804552937,75.52261277632701,1565.9626419523095,5.764491300681997,12.653496317366109,2025-11-17T16:43:44.863083
75.17000448207338,38.08489124652989,63.37866133821505,1910.5026025005327,6.839222426140075,9.854762364997699,2025-11-17T16:42:44.863083
77.85625028423163,24.78948131374267,60.673663186694,1082.562480937691,7.616962504674364,20.798538542201303,2025-11-17T16:41:44.863083
42.281599395216894,19.99899579611575,61.9753215625434,1230.9905175267963,6.095843026569993,19.848877117889767,2025-11-17T16:40:44.863083
48.91862125859383,20.021366452598787,36.94336454265939,629.9212887264925,7.87320292938996,7.627492170488165,2025-11-17T16:39:44.863083
23.508743149362825,23.820183749649797,49.960703318416165,263.28665048814946,6.307863043198543,13.602715598486714,2025-11-17T16:38:44.863083
54.136989761597356,20.69676763530666,59.07467915641904,1937.9322528225796,6.443371193075779,6.455670331499574,2025-11-17T16:37:44.863083
29.47736352534081,23.732938381124026,79.36880966660136,570.7787315392518,7.27324031785192,0.5287455837354071,2025-11-17T16:36:44.863083
43.51463823871568,33.2759519560836,52.01764212533804,1214.7267826017192,6.012448082064777,18.549884778154308,2025-11-17T16:35:44.863083
14.18232826150077,35.57627934626501,42.882765117408425,1773.9164570749954,6.381323103251294,18.067089361862166,2025-11-17T16:34:44.863083
35.53802382289508,37.177350137039426,38.23141315869434,521.3356206906776,6.732575312897006,2.0484609759536534,2025-11-17T16:33:44.863083
25.678414776140954,38.31299146636043,93.47182797461267,877.2667927947595,7.808215052534839,13.620616891835793,2025-11-17T16:32:44.863083
31.579397269901364,31.07196163241796,72.82861742736571,1980.42557439572,6.162618218523209,16.801487566543386,2025-11-17T16:31:44.863083
14.161900402355752,13.409381160901582,30.254694371821063,1999.0292259074115,7.5056842428686945,19.66807536833852,2025-11-17T16:30:44.863083
50.77808602305438,19.0020124871632,39.832178490073936,712.4145299236346,6.439928054822848,18.90775242450735,2025-11-17T16:29:44.863083
53.17294311225219,12.324508796664482,31.171885582329296,384.19792316131367,6.526246784243448,23.329822926225457,2025-11-17T16:28:44.863083
60.99219849673773,34.05477699626545,60.31434864279565,850.998949751077,5.771000931791557,21.898325554655123,2025-11-17T16:27:44.863083
72.65280232223222,15.043542927931753,63.29693665195693,1077.2746542582408,7.062728881716321,23.65467234978153,2025-11-17T16:26:44.863083
56.38171534099837,26.206518003358557,33.270990640753155,313.2334568324431,5.968366978316972,0.811769292293707,2025-11-17T16:25:44.863083
69.468231645601,31.699909119818894,38.84365523805679,1704.9420214315057,5.88696508711528,7.52938967493397,2025-11-17T16:24:44.863083
29.9181519329092,21.169212957191434,46.553144782847525,1080.1116675892135,6.518519703386714,24.664237269483163,2025-11-17T16:23:44.863083
14.474108010258053,14.265441291620549,33.43368310405916,1326.5141509682765,5.636273193534299,20.910993434403082,2025-11-17T16:22:44.863083
50.955090454554224,25.81022873744601,66.50364300129263,507.46467135117933,5.994225757786219,7.970433071825117,2025-11-17T16:21:44.863083
57.47971326574812,16.303533278206437,37.56156226366198,1946.210395553178,5.554954537024058,20.06743513340054,2025-11-17T16:20:44.863083
73.04281196600176,18.91642341535288,38.81573004047537,462.13156406976213,7.243579043092981,16.070164777154343,2025-11-17T16:19:44.863083
72.61965394011094,38.12443517197314,74.97527861232848,480.53276579259824,6.1086065419135265,21.054843271827863,2025-11-17T16:18:44.863083
26.744486066736684,12.175669508634442,75.71320351274628,924.5474398822556,7.8001001313647595,16.25637677734154,2025-11-17T16:17:44.863083
17.233518223332858,38.435697017609826,46.806222136615986,806.9824827313143,6.505651034208855,1.2806074101078313,2025-11-17T16:16:44.863083
49.721233778448386,13.699554732258768,56.063071234742864,831.2776183857518,7.432100208566259,20.079262790818277,2025-11-17T16:15:44.863083
22.27303059112704,20.996535621376786,54.26795546706906,472.5387990849531,7.496133762627976,17.68070820838558,2025-11-17T16:14:44.863083
25.230542903762778,21.00165725781397,36.877326615673425,1330.7718747674792,5.803429811371549,24.648354215622945,2025-11-17T16:13:44.863083
72.45456597502898,21.707156487519853,67.60665559815803,1840.4152691895358,6.885248200989565,4.36246215994888,2025-11-17T16:12:44.863083
40.296268446492746,35.294345950892364,71.87384603932517,1371.3038918008406,7.667053714221223,22.349326436562617,2025-11-17T16:11:44.863083
83.5834057423549,12.845475797594684,65.36819012760157,1532.9171381929734,7.392317112817534,15.167905049250097,2025-11-17T16:10:44.863083
23.342986814693933,33.92261661824993,76.80723667847147,355.04438878826534,6.659524561685941,4.34943498804509,2025-11-17T16:09:44.863083
36.99816365703775,10.542432766170563,56.021441446699285,1189.7784580811788,7.048956482067717,16.587258628217754,2025-11-17T16:08:44.863083
76.9033050481968,16.4638872182719,37.83131845850042,1732.7669094162661,5.891532037231625,24.369002033404882,2025-11-17T16:07:44.863083
77.40305835189096,25.026298176687973,93.79239261993163,375.2781123944076,6.257664402937754,15.955610376015287,2025-11-17T16:06:44.863083
38.0005494778543,37.851176559423756,34.26569573155814,1188.9412977097363,6.977165668487786,16.318203094430604,2025-11-17T16:05:44.863083
30.453297866545157,20.936992825595933,84.83923442822355,550.8969841462877,7.567169617933406,14.06638557256856,2025-11-17T16:04:44.863083
70.97500089552656,31.408220987904148,43.488247200017135,1223.862925580971,7.669307882012731,10.802905920048234,2025-11-17T16:03:44.863083
87.32726161786533,23.566453003051542,39.28106638341251,900.9824241398118,7.879256015976343,7.993021233496355,2025-11-17T16:02:44.863083
79.44785278936503,36.437520450456695,52.76212408157747,349.86378449113784,7.311394772897046,7.78780747534965,2025-11-17T16:01:44.863083
72.63388914060579,23.279645447812992,61.5423382522704,1600.2369321473664,6.45590832765407,11.078183633072863,2025-11-17T16:00:44.863083
40.09523750156977,21.020215458318397,64.18652749859487,1655.8390001020712,6.404420779806415,13.106368013443417,2025-11-17T15:59:44.863083
63.658186035408065,18.08318338910965,48.03898231865551,1880.1436286422186,7.308836433327722,14.429666905582723,2025-11-17T15:58:44.863083
61.81760435364896,10.87898329310255,70.1766927615103,1117.1159718035633,6.864374199448589,8.985595670770428,2025-11-17T15:57:44.863083
16.51791181703535,15.800177008361565,91.79840635882366,935.6592120876811,6.666707889577161,1.3177447463359748,2025-11-17T15:56:44.863083
13.005298363518447,31.51544341140273,64.97615316787224,1115.6707715892799,6.107811326056671,18.618768290748054,2025-11-17T15:55:44.863083
23.45892632867935,15.698042309830601,59.94629113763791,715.3037518014936,6.118657453082866,16.13094111383329,2025-11-17T15:54:44.863083
62.07773961748356,34.735512093997876,57.15105685324343,331.55316384707044,6.184165962303644,24.500136579920422,2025-11-17T15:53:44.863083
57.70068601861617,31.29211254403061,30.478258925651946,1132.7703179285377,5.593821643829508,14.2307553022862,2025-11-17T15:52:44.863083
83.66166797088603,39.05257391501223,65.13592390028006,1024.7686494539887,7.8625427356212345,16.840245799917376,2025-11-17T15:51:44.863083
15.191942363072757,23.971767330024925,45.61592620017976,1045.6477786076268,6.6386639300159045,14.55362007036855,2025-11-17T15:50:44.863083
38.541639227940095,14.92811348367784,62.741763248347155,1694.3651918223718,7.160030570169006,8.459196648130396,2025-11-17T15:49:44.863083
84.84184182070858,37.36622713747546,43.60764595996642,270.95165321665337,7.353271770876906,20.69025653372883,2025-11-17T15:48:44.863083
87.42916527610842,36.69509182264932,69.03475993341696,1154.0942105822855,5.569602628156466,6.166411171119446,2025-11-17T15:47:44.863083
46.76918013863411,28.855117002507036,66.2213691656967,1536.7447814270429,6.199417327217602,14.12381519131183,2025-11-17T15:46:44.863083
17.05137947126337,22.40996570749621,78.76045414204907,1448.1215361722793,7.9766068429304475,6.9472781496939,2025-11-17T15:45:44.863083
49.85514393391833,19.885912413219902,58.63920241384636,1742.5102337648987,7.210522687971217,22.06102978368954,2025-11-17T15:44:44.863083
26.280888666550915,36.20083353524314,33.884547821594985,1799.4787047868745,6.3226844486518194,7.864690835351662,2025-11-17T15:43:44.863083
50.96708613589311,38.22070563169695,33.10578870429135,834.0157551273415,7.641429971708339,9.90136193588667,2025-11-17T15:42:44.863083
25.93255180776536,22.743825439942356,55.0609125969585,1847.7491626400663,7.404835939357743,12.627888893600158,2025-11-17T15:41:44.863083
89.06964533772569,23.9583259382777,33.78545900331789,672.0937792669728,6.590176200548282,3.9225656036530028,2025-11-17T15:40:44.863083
85.80521010592344,33.00546693453319,47.43866802780522,1263.4481603322486,7.30362289277393,23.53197322266995,2025-11-17T15:39:44.863083
80.53082793403286,25.455766784146412,80.35242028654613,1211.860556889653,6.8817597251138505,2.8685489584547974,2025-11-17T15:38:44.863083
20.091012641292167,25.88600845067372,47.476000423635426,237.86642442884354,7.307098009750531,0.812164917254124,2025-11-17T15:37:44.863083
57.62214728832436,26.175813823819432,92.97295488755728,1071.5836508257548,5.659003590944494,13.792199195161542,2025-11-17T15:36:44.863083
77.28769364928812,39.9054785284432,57.972306289789714,776.5377364941365,7.7666332423799975,4.781053226903034,2025-11-17T15:35:44.863083
59.23431320263413,22.17143272542843,32.670353722111095,825.119253750256,6.163071306256686,17.152278848587173,2025-11-17T15:34:44.863083
85.90323981535346,18.041415621359132,82.74528604485931,299.6476704891371,6.845302525099533,1.7637515927473646,2025-11-17T15:33:44.863083
84.72263929045114,32.990538416721705,72.7667442282985,1683.0134869243957,7.118799488925408,24.223609929357277,2025-11-17T15:32:44.863083
67.11663582918172,37.7397582874674,63.61357298069147,410.7159433673528,6.820444303557543,3.1718207015773325,2025-11-17T15:31:44.863083
57.3994783341124,24.47479181582989,70.4674008591308,218.08456589869687,5.9871012291384105,12.283260797803273,2025-11-17T15:30:44.863083
86.04028492713078,21.508271210654755,57.58418169348626,1486.4529602119198,7.009481893215295,7.473153752458331,2025-11-17T15:29:44.863083
42.86531164539422,16.530993965716974,92.79139484346356,435.14188680324753,6.429591961416048,0.6459743055002798,2025-11-17T15:28:44.863083
27.742359354683714,33.414134151404646,43.07639009877717,344.11412455213804,6.686132949611308,0.24923086836296238,2025-11-17T15:27:44.863083
16.781292354106654,34.228776086889255,80.14576741587442,1847.2498767288128,7.636288589776874,17.07938908099545,2025-11-17T15:26:44.863083
14.186628584053027,33.485458539599726,84.95820270463642,1638.347862389518,6.7711975882700655,5.822545966237041,2025-11-17T15:25:44.863083
77.62639805509814,31.814884292204155,93.74947633527535,480.2466759606792,6.064161457630138,5.294953747037567,2025-11-17T15:24:44.863083
73.40318140970695,15.607218893503545,34.3328889385149,1997.4094518541315,5.562043028612873,20.881101503971642,2025-11-17T15:23:44.863083
39.22934732405223,35.248463792734455,66.05033192872443,1822.9362130754482,7.815482466036567,0.2274545320193999,2025-11-17T15:22:44.863083
16.032974079423063,17.510761887125664,73.5055020636276,1798.8899537207108,6.6498548782349065,15.174327906856636,2025-11-17T15:21:44.863083
25.07998822364489,34.14900501645056,92.87632723797553,683.4780792462755,6.737064879001366,2.152902762659345,2025-11-17T15:20:44.863083
54.73093251703747,25.083503255400416,39.388371470080045,995.7191836125351,6.335261630216408,13.045771882629733,2025-11-17T15:19:44.863083
56.85234683430394,10.254867358216286,79.46538889172109,1483.4257253511335,6.415715965516306,1.3233983892204564,2025-11-17T15:18:44.863083
70.39460318280403,38.65525481434398,45.609853741430925,782.3443047266682,5.959532223704537,14.423403083620991,2025-11-17T15:17:44.863083
22.387311571796396,20.685818303841383,75.3058459057271,1208.2087694168272,6.466156410819838,10.506240045188548,2025-11-17T15:16:44.863083
54.96887060985836,10.17594183661484,35.10314144948464,1786.2645219734209,5.694697472728227,17.67008990526263,2025-11-17T15:15:44.863083
83.60305312872421,18.120508129051935,54.081943408868426,1224.0585305204893,7.7042724240964615,23.547639681510503,2025-11-17T15:14:44.863083
69.16505984890145,12.598592825640822,73.4950201097653,938.5466993707918,6.676752498727653,1.228709758629426,2025-11-17T15:13:44.863083
25.284971147708653,33.71540822600943,59.50732414811088,742.992034936068,6.460047684912396,21.359987833142004,2025-11-17T15:12:44.863083
69.91992139239656,18.169461915432485,37.63761961380426,653.5967989593291,7.801891127636834,14.539720946243884,2025-11-17T15:11:44.863083
52.67841669958263,27.891807990773845,53.79183727352349,1652.792636575123,6.808215623250625,2.9186975692198884,2025-11-17T15:10:44.863083
20.325209986325035,26.10577439507855,90.87706417460456,755.0338190171577,7.673852922148045,19.102389664471982,2025-11-17T15:09:44.863083
29.824995432552548,11.090222449487273,36.62007223425488,1511.2890809253925,5.999174345101617,9.281773012634845,2025-11-17T15:08:44.863083
50.13593328051399,31.764045053504883,37.36002951184315,931.4595294994307,6.712682272856739,13.520676599288493,2025-11-17T15:07:44.863083
75.46885131161733,15.150345851296507,82.50904436873046,1447.1811698539739,6.889677035497399,17.488196760064298,2025-11-17T15:06:44.863083
42.96141911613251,14.151927579043736,73.27474061724888,1144.41015203412,7.098437001356938,8.44996952571225,2025-11-17T15:05:44.863083
82.54932618718686,27.62109605726731,35.5511614789068,1009.6471832679716,7.390890136859086,19.853364043306808,2025-11-17T15:04:44.863083
49.5677642211007,36.842427124939036,47.39844841762934,939.0776550288798,7.746492276422425,22.40641791178947,2025-11-17T15:03:44.863083
64.85702150597447,35.769416413666605,35.77026235215512,1756.9909571739975,6.301549766375567,4.458287810705408,2025-11-17T15:02:44.863083
29.149586907363705,22.539055240416612,46.32748029929037,777.0216548296983,5.837446215179106,7.404419138974963,2025-11-17T15:01:44.863083
55.78270516336009,23.255611242731916,52.53671948033423,1543.613831942805,7.733774928483294,18.919730572559924,2025-11-17T15:00:44.863083
36.56005616941434,32.333265035126615,39.878711860813326,434.5723785643237,6.364067592590398,20.192559226101427,2025-11-17T14:59:44.863083
29.70785977938415,11.897602266960387,38.56111978841308,1745.7409433532443,7.084458211868219,6.330029084249417,2025-11-17T14:58:44.863083
54.42366602625451,25.827388672760513,72.60333859864298,619.7375979589094,7.6610074679859945,7.734214052000321,2025-11-17T14:57:44.863083
65.53053231809895,10.483739391166447,54.222713443119574,833.0776723258549,6.858711071457536,1.8184065444299125,2025-11-17T14:56:44.863083
73.21050989808867,16.533424053027055,74.00745796733067,1645.7818218393677,6.904692390603783,18.522080168049637,2025-11-17T14:55:44.863083
62.948824977200445,20.66589391456023,82.57580503718174,730.4624657939504,6.928032294378793,18.63494347853849,2025-11-17T14:54:44.863083
40.316472785000606,19.08302822852275,59.85749066123348,1672.3342898284766,7.824804407864162,13.627085321497253,2025-11-17T14:53:44.863083
62.91729642589215,37.09820866716743,36.405545341841254,617.741440159097,7.272250015628956,20.59361154780749,2025-11-17T14:52:44.863083
78.56232226644623,22.45321530564798,35.807093648971346,988.0066591393158,6.076836475517634,7.279911374915605,2025-11-17T14:51:44.863083
71.78140454700046,12.265812580776606,83.79277913624563,969.8043544835043,6.990159827751487,2.241305780891975,2025-11-17T14:50:44.863083
36.98872626858237,12.691027570445375,92.50034198727212,1653.0709687872509,6.6490818858911505,5.590063708091778,2025-11-17T14:49:44.863083
84.67640841998818,20.337897871809155,40.46398805967936,1213.695899217119,7.859435300862041,0.09575726250806438,2025-11-17T14:48:44.863083
29.049987460319898,38.15342921231223,41.120587845715534,403.83821295167576,6.925468039499512,21.546095582370747,2025-11-17T14:47:44.863083
48.168785415514094,39.83692770053574,74.14616046996954,333.33483297880593,7.982080329204939,10.19735591950476,2025-11-17T14:46:44.863083
32.992202707638604,26.736375507336568,49.77999346835618,355.6235128162742,5.503570857697942,11.239583823006557,2025-11-17T14:45:44.863083
76.94907377812739,27.169455568902297,94.94847443132366,716.32396216496,6.201137661900138,3.993736505848605,2025-11-17T14:44:44.863083
23.125087061226814,18.555597880301434,81.53460294277926,1830.362223145606,7.937717924269203,5.807241352411316,2025-11-17T14:43:44.863083
80.50380364912733,19.84765267832011,37.33463539359749,1766.044865936298,7.0902640866090465,4.118272402026543,2025-11-17T14:42:44.863083
44.386500601040204,18.61773084631203,77.8916469661628,1016.1492151236826,7.973199862765963,1.368624556489878,2025-11-17T14:41:44.863083
38.401221290899734,24.457005013299323,62.70368105864078,768.6844802941462,7.323100622743921,21.868676837224367,2025-11-17T14:40:44.863083
85.09754415822904,34.15280130398578,85.28771282492896,1190.981541115992,7.564720566067036,7.587597728698806,2025-11-17T14:39:44.863083
41.87830096873715,19.50739041455633,60.38017680411515,714.0433092295455,7.9040286056361175,7.8211157001417035,2025-11-17T14:38:44.863083
17.843563048875186,25.8045149815124,33.711440098936464,398.97769935544494,6.048473472990616,11.608756247053542,2025-11-17T14:37:44.863083
44.66007458472223,33.99075586008374,78.06585250246738,967.3729291832624,6.334260518939075,7.911719601537465,2025-11-17T14:36:44.863083
71.91960698352072,11.562172186638092,30.83340721818938,1631.9799054679665,6.692865939972624,3.2720284638393995,2025-11-17T14:35:44.863083
28.8452747675601,37.975118592921476,85.86769341561836,1477.6130904031506,6.705563075843316,13.008090654784644,2025-11-17T14:34:44.863083
88.0195628227167,38.97311331652861,43.99248797607923,1659.9882193495725,5.9931066654175424,5.338436947098785,2025-11-17T14:33:44.863083
64.08744273316614,22.15003295762645,90.55038646192381,360.2175228128159,6.778814102023732,22.96303826107803,2025-11-17T14:32:44.863083
82.32909283836041,14.695876402472237,53.831450506269675,1314.4185200840532,5.898487211928505,24.200554301143466,2025-11-17T14:31:44.863083
83.17994629821283,15.008505371034076,37.87510498196405,353.73526905487756,7.773609160091578,4.8405952448865195,2025-11-17T14:30:44.863083
43.30279428354838,23.465540969560088,68.93571787388188,329.1236187453649,6.06689654350129,23.28725967297315,2025-11-17T14:29:44.863083
82.67280858148555,33.43871942217076,31.261080965184004,788.6121832929838,7.06989683835727,6.879755294336892,2025-11-17T14:28:44.863083
82.76693560430219,29.016683854973255,34.67393662556896,1836.2100599042656,7.894416645440556,1.9428104597931373,2025-11-17T14:27:44.863083
52.58881878890519,19.100928466425113,55.53453997129115,523.3721923196154,6.9451802550310315,23.949483831222267,2025-11-17T14:26:44.863083
50.24580802172872,12.487437441834434,70.30008667603155,812.4013900122627,7.639812973978245,10.866953707911756,2025-11-17T14:25:44.863083
25.42716871537965,15.733168680734348,79.96967174687543,678.0576769532479,7.418083485398057,5.147182769164985,2025-11-17T14:24:44.863083
35.73490949610475,23.96460917319098,91.3077302300743,1877.1165645568844,6.01717968855572,8.95547603107682,2025-11-17T14:23:44.863083
21.951951076301786,25.299552379404915,59.93786579515333,1821.3682924113184,7.8250134444776815,9.589184775182302,2025-11-17T14:22:44.863083
49.33903544151916,36.88708747438399,82.436007503429,206.5813604203687,6.300148910458956,10.544356048403147,2025-11-17T14:21:44.863083
28.37730269465854,15.987148476878161,32.455992928719176,1358.065505125569,6.156275726207914,1.3086794607828272,2025-11-17T14:20:44.863083
28.478344842245093,34.057418585083795,85.34679680702553,1069.519241347945,6.540176676021716,24.446342337544543,2025-11-17T14:19:44.863083
26.045172767045592,16.460778485638254,48.971366507365985,510.96317290595715,6.4484139955104665,22.770855674743846,2025-11-17T14:18:44.863083
59.22782725028594,22.35839645836791,90.73670164712897,287.2356184564802,6.0256904447546535,14.147215127543975,2025-11-17T14:17:44.863083
59.24420985545433,11.186725196878394,56.19751926396359,1368.4771366955708,7.245176366008504,15.953497562906731,2025-11-17T14:16:44.863083
35.64505794887396,12.805603707937285,57.76230901725671,431.75798726249985,7.869059146301668,11.879271650565707,2025-11-17T14:15:44.863083
35.380733948549405,32.989122133567,62.36665851784715,758.0612432224101,7.529919355977004,21.67880377502805,2025-11-17T14:14:44.863083
63.84065330309416,11.40893267223002,66.81098721082458,1573.9308415951068,5.8412575302089556,5.716768784615084,2025-11-17T14:13:44.863083
80.59960840545091,10.603651655592222,78.92726395868844,1052.7919265259611,6.616930397099017,0.1774133123721794,2025-11-17T14:12:44.863083
75.55185847731943,20.794747019096995,65.14976603453529,1419.141235404187,7.256573941094789,23.899501470651806,2025-11-17T14:11:44.863083
52.50719625892873,21.991586529232826,91.99073572196102,1355.798423045938,6.245375890691389,3.161606135089279,2025-11-17T14:10:44.863083
77.40436011721451,20.865448083824546,72.93053188868802,1047.4695548586167,5.9973244494875955,15.042165215511627,2025-11-17T14:09:44.863083
14.854645516054585,22.400273796135767,65.52997107813862,984.8845534134423,7.371680438127477,20.698123863632812,2025-11-17T14:08:44.863083
71.69944592265423,11.164388434354063,42.61837007898819,1165.8935166747938,7.837055101109503,20.873919376302922,2025-11-17T14:07:44.863083
77.40276066814414,19.096245812790247,57.91411331011567,1047.2707051686873,5.893428958374776,0.7767032561114079,2025-11-17T14:06:44.863083
85.75223195684134,17.2213775699052,45.59667874203603,350.08229678376716,7.821269379859446,14.4934278734943,2025-11-17T14:05:44.863083
63.36294857002831,37.347306617891576,52.465310978551315,1318.7131600485513,5.596998636822219,4.669313205778233,2025-11-17T14:04:44.863083
76.4996644071954,33.003050690150076,52.79177494471455,878.2591299935825,6.833886083883948,0.006025117128363733,2025-11-17T14:03:44.863083
29.29954688304223,16.246954258246433,46.281391538734624,1650.6305165601943,6.199184641366108,4.788033051253704,2025-11-17T14:02:44.863083
50.341076863442524,35.96935109118196,45.68773074943749,341.36523702703767,6.391011839624162,18.691295614124446,2025-11-17T14:01:44.863083
54.05524357558357,34.50380108723043,92.37348959460022,1626.7924581529107,7.009507697109384,12.333539701309512,2025-11-17T14:00:44.863083
13.205526907861334,39.529659364421235,54.92627296737776,474.01078505036025,7.166772138491142,7.107207227386484,2025-11-17T13:59:44.863083
56.86226167448381,27.603037235337737,58.972438358686496,1705.0135079810768,6.162417653888608,11.215814790443353,2025-11-17T13:58:44.863083
53.01537028727772,29.90874162301899,80.9581702828633,910.653109180861,7.11511736024149,3.765273826712978,2025-11-17T13:57:44.863083
84.61184804339828,21.491764192630107,77.4188924284685,236.61394738791978,6.0129678572620175,12.17706360808945,2025-11-17T13:56:44.863083
80.26019741858772,25.817654498520312,90.44158134910214,1070.8344138490334,6.726122741839875,2.993669712513297,2025-11-17T13:55:44.863083
74.21249953217759,17.408962374011875,88.47481180920047,1839.483596594713,7.858275279685374,13.00576222757725,2025-11-17T13:54:44.863083
64.16750278269154,33.355476401849906,38.515950212280266,1281.722950995495,5.585744753258279,12.439152084718147,2025-11-17T13:53:44.863083
22.38741452961819,15.48768777886254,53.7280918350191,978.3869000897054,7.057931061330468,1.8607104609628915,2025-11-17T13:52:44.863083
50.29534089899557,15.478753907593035,67.30838637706321,1347.3283020701303,6.891773141382135,18.45738776195769,2025-11-17T13:51:44.863083
36.8487395392721,32.95319774899393,58.12986031103259,1071.5320969806744,7.120255318152679,0.458959599980599,2025-11-17T13:50:44.863083
62.319537713619866,28.55755447216346,50.14006258896319,354.42971281908103,5.727338624782603,23.080593674630716,2025-11-17T13:49:44.863083
65.14234569806698,13.813078413122213,53.18700600507891,1266.4693890228737,7.588929262726621,1.0915232178252132,2025-11-17T13:48:44.863083
28.93065051760071,36.692469708861395,30.59576076194807,562.5183850289973,7.897560439932414,15.335046163054278,2025-11-17T13:47:44.863083
30.933709331000514,12.009732831875429,31.83243712906944,640.5411433464691,7.703714548972276,10.397841357437738,2025-11-17T13:46:44.863083
67.62666953327944,37.54855106139873,56.52263000418308,544.2992678673147,6.792794827142298,22.70209217649636,2025-11-17T13:45:44.863083
74.34995313101605,11.974895300894614,75.01723200504281,1229.4155404261166,7.768657940866063,3.0620354212574306,2025-11-17T13:44:44.863083
52.72288905637253,36.38388080535677,56.65154613821329,1067.5908519191607,5.6761516941673955,6.953591011222771,2025-11-17T13:43:44.863083
35.96053193351579,38.353673462346606,48.37337843517534,1029.5637234853734,7.178261058910699,4.054584310196935,2025-11-17T13:42:44.863083
48.91539097134996,32.15617118427723,86.34558884675928,1327.266694392368,7.172633788292369,3.1570868146142237,2025-11-17T13:41:44.863083
85.66211977970778,13.97722232453447,80.35374091681689,676.6693792009739,7.833982859253129,17.99898848423699,2025-11-17T13:40:44.863083
70.30509703826951,16.571775191796497,58.79759848128545,1312.0637502607156,7.424934045516502,2.5989843978097396,2025-11-17T13:39:44.863083
86.98922531636227,36.706620116636685,47.57265838221298,1680.9684374581975,6.795809807599559,11.545162039050465,2025-11-17T13:38:44.863083
35.15472846491243,27.429057598947775,77.44279265073385,939.6792289329649,7.07304798252073,17.482823028882592,2025-11-17T13:37:44.863083
66.88974536122288,11.558982943935408,85.88360736952936,1024.8559665770863,6.156040204240536,6.044112686992039,2025-11-17T13:36:44.863083
48.64112902751604,36.60494618406878,54.59259280937205,1549.506344210378,5.742046827468046,11.901417553776545,2025-11-17T13:35:44.863083
89.33489123141885,33.113134083770106,43.68435174863984,1102.5946526562393,6.0840619091214165,10.23902318156273,2025-11-17T13:34:44.863083
72.40672189879717,33.13674445871211,44.826524563655035,1860.0019726787482,6.981420456912067,9.498107274050364,2025-11-17T13:33:44.863083
50.15484646246885,28.15213760313231,66.39288456997605,1075.5290639651207,6.7623320102235,4.410297760697154,2025-11-17T13:32:44.863083
75.01863234437435,26.25280959823046,38.5201910108057,1579.0827828490003,7.831109945943377,23.68267248092405,2025-11-17T13:31:44.863083
39.52141859289382,14.065506206822622,63.69597573114923,402.69661282859727,7.834968546281543,4.589490683878649,2025-11-17T13:30:44.863083
30.221268796093128,22.199095806549114,54.90569045634318,1630.3932063162001,6.640792051377406,4.269206500083422,2025-11-17T13:29:44.863083
31.376791638885926,25.27340155562566,39.58450463269877,1300.9802161628254,6.914368266377865,17.867557909556442,2025-11-17T13:28:44.863083
85.01636923034941,37.367636833034666,91.49491517447404,640.4880746426617,5.828913266598387,7.5569175124112125,2025-11-17T13:27:44.863083
81.60681382130517,39.16160423870465,85.85612181958095,398.0318980295785,7.868569995149483,10.58395068376965,2025-11-17T13:26:44.863083
10.744823260988294,23.27181222244581,32.994496028905395,1178.9802580900116,6.346385068592628,11.835873339851219,2025-11-17T13:25:44.863083
59.05362885944936,36.064032874534604,73.02360247067536,981.2879632607253,7.548569634175912,22.639553439328306,2025-11-17T13:24:44.863083
19.580797314575776,25.957989326583743,48.49327738325887,284.7101561785053,7.171366737784963,21.56926943648064,2025-11-17T13:23:44.863083
23.032212358191522,34.37240972871702,85.4707226799012,1845.8127967996704,6.163212722715131,22.598826629747233,2025-11-17T13:22:44.863083
35.653020378914576,26.570140403665086,33.282985604098336,278.9859590637385,7.300933031830507,11.111999449444776,2025-11-17T13:21:44.863083
30.503390029537407,15.712404880747306,73.54697690584918,200.72277924561178,7.514727922992136,1.9812401532482204,2025-11-17T13:20:44.863083
25.319169192649554,21.587091858972688,61.51581808154673,838.9912084650953,6.301780412460735,24.09790030182971,2025-11-17T13:19:44.863083
61.32637449947154,10.702988661021646,57.961434048880356,1775.0156595391463,6.25364046602667,2.363908619359706,2025-11-17T13:18:44.863083
70.67078172719343,28.180414958082437,67.07031300872275,296.43780729333423,5.851247524488794,15.563734905327845,2025-11-17T13:17:44.863083
26.625907316706865,25.12210239245273,65.41730959191057,710.3129424876909,7.871062888853732,21.06160267088938,2025-11-17T13:16:44.863083
67.78988061062388,12.339815992282272,36.898451255086265,1087.0064225569204,5.901783372977464,24.45663658823685,2025-11-17T13:15:44.863083
22.681618722192756,24.62403506391922,53.66786869469785,1350.8955586173763,5.822591022223563,10.757910701059773,2025-11-17T13:14:44.863083
31.97640262457149,36.63254574015064,32.63807128875518,1844.7094892116268,7.5824853463825015,7.439267911020386,2025-11-17T13:13:44.863083
73.14325237416838,10.936406810162428,92.84626076907058,1147.870896661621,6.2582025651636135,9.064580314866927,2025-11-17T13:12:44.863083
15.312428276839789,39.680485421261174,32.55397643479501,1378.8328216661462,6.6068398192661455,23.72290545471788,2025-11-17T13:11:44.863083
29.679979224543615,25.96260471814034,61.35315355787894,1465.1595992901823,5.6700255798810515,4.844728250583871,2025-11-17T13:10:44.863083
27.165185607427986,32.14452264525069,42.2940152612381,1232.285175003758,6.038109551252385,21.54062375209946,2025-11-17T13:09:44.863083
85.37483635917108,25.554789248267213,52.90007747359659,621.3039950314985,5.62445250380761,6.712501904937385,2025-11-17T13:08:44.863083
62.33886239562543,26.008507939276324,91.36268308826028,913.2990724850611,7.2346583558209865,12.233068686878035,2025-11-17T13:07:44.863083
51.00609727393693,18.033229438123527,59.571800494729985,1047.4129946228732,7.266606304372335,23.515999979652847,2025-11-17T13:06:44.863083
36.34570219860034,11.266014057438953,62.25918315754158,1180.0303978685033,5.921101377829788,19.01161515690167,2025-11-17T13:05:44.863083
88.79432867531933,38.37324151025383,42.811892523537395,1775.6538318213693,7.261234091029212,11.346164095172789,2025-11-17T13:04:44.863083
53.248879545978326,35.488005249473744,61.20877107649426,871.7732643892283,6.733118732564964,14.478245100876228,2025-11-17T13:03:44.863083
25.12621230226791,37.027231908009725,73.8221516739249,1339.88405120748,5.7487405654515955,15.104348454314795,2025-11-17T13:02:44.863083
19.676852979079385,12.360930255861971,64.27520821675557,925.013961283691,6.972025675390558,2.230554201430965,2025-11-17T13:01:44.863083
44.47864502778067,15.243601451354738,94.16150558506757,1210.070382383314,7.218592152352168,8.135457017065196,2025-11-17T13:00:44.863083
17.579113182347534,39.2761258835061,48.60683729990691,962.8547333124336,7.124659804256438,0.6174324421527821,2025-11-17T12:59:44.863083
74.82073044138295,26.097345700858607,48.084117159473436,310.8943735264446,5.9062460386861035,22.375846471335922,2025-11-17T12:58:44.863083
64.88193791487129,17.497051649106695,34.26404972142692,1443.1075622959454,6.931019314919412,10.112988111455875,2025-11-17T12:57:44.863083
39.08891593520511,16.50442827787325,73.52473167493864,1947.202450028967,5.939288114592065,14.927915500387584,2025-11-17T12:56:44.863083
43.9348044596781,23.40066165233995,46.51957320830793,1685.2427761905544,6.713139010368103,13.585146304956602,2025-11-17T12:55:44.863083
34.38087302378606,15.454253970008493,35.58417523318333,1485.4144536648487,5.990585704219639,17.251883854719942,2025-11-17T12:54:44.863083
41.23011568375631,22.473244029689546,60.49653724603016,861.8753146295777,5.751549943056475,7.7407952500711446,2025-11-17T12:53:44.863083
63.098748855515076,29.97353204406613,48.60457997059963,1028.1847278038383,5.983618070029844,5.259302038245894,2025-11-17T12:52:44.863083
11.843767072528593,36.90239649723234,43.6959332298689,609.560978485634,6.199003581612829,3.185201792385725,2025-11-17T12:51:44.863083
61.141030654509024,12.254288595327598,38.723157711212764,1360.562107862167,6.349151551203607,17.698695667529726,2025-11-17T12:50:44.863083
54.593979573611364,17.68063519184539,72.30381678180632,409.2926245271852,6.841025957700076,10.928702626125867,2025-11-17T12:49:44.863083
31.429886625395262,28.120149932185004,86.63668350211836,1998.0284595735382,7.019406921858561,10.117646858229254,2025-11-17T12:48:44.863083
28.01656801729613,17.71288268185335,61.164573579734764,861.0998623052766,7.7845363065623605,9.207386691392738,2025-11-17T12:47:44.863083
39.87556729163484,21.50603537301931,84.38031367389777,1371.4189775244233,7.035422125797232,8.353575559596555,2025-11-17T12:46:44.863083
75.43233414659515,11.150915840671034,86.60181620197736,1122.9498196290733,6.495625587158532,12.429182017942143,2025-11-17T12:45:44.863083
63.39324244270649,10.38296279553692,86.6508706697861,1004.1311455605071,6.357416299250195,3.4561391408514277,2025-11-17T12:44:44.863083
45.15722994867537,24.889683138531367,56.23703514207605,1421.5881688884147,6.552241321898065,24.035439446164332,2025-11-17T12:43:44.863083
57.94220142588735,34.22433806955727,37.10813370211613,915.1243273026303,6.342119253617882,14.237059703414795,2025-11-17T12:42:44.863083
78.88908160491405,12.350146532860201,34.7173618729062,1730.571874683678,6.032125215095894,16.718831361245343,2025-11-17T12:41:44.863083
53.43025058886441,34.986807846616884,38.130779139366226,433.6093383007003,6.892045900695769,23.659466333959273,2025-11-17T12:40:44.863083
43.19982066966034,19.808263007640846,69.43480600786258,1874.807480981056,7.592319582111559,24.887090268330496,2025-11-17T12:39:44.863083
11.805486656190167,13.385744341382868,69.61540461883044,1677.0375908009296,6.213110855766916,5.980277200855469,2025-11-17T12:38:44.863083
72.95806395049607,11.691455615596947,54.00987209286804,1110.4566006661935,6.900871685875808,18.215378919819422,2025-11-17T12:37:44.863083
38.38765787445266,28.380530340238217,68.04940248141216,1185.7089811767448,7.10120823285553,6.486229276701907,2025-11-17T12:36:44.863083
16.771900286770318,13.578150161192303,44.59785487250357,1100.3562839410133,7.6011068763650504,17.532333552209604,2025-11-17T12:35:44.863083
73.12324833616377,20.52926871778274,56.30249320715576,908.6273947831031,5.979682961011254,1.5304164535893006,2025-11-17T12:34:44.863083
57.27328742617814,39.676500502617586,40.84393082176709,284.0326758186927,7.448829204559832,6.314650167118105,2025-11-17T12:33:44.863083
76.37150442823427,31.118100011035462,91.4687799083023,936.0690243620096,7.154924598626586,11.621369520331767,2025-11-17T12:32:44.863083
60.44709578468348,23.48796718023212,42.26109601756487,1114.2153488060856,6.821460503593606,20.265096206504026,2025-11-17T12:31:44.863083
68.84165646348649,29.913748718243323,37.37016121091722,1497.109323194687,6.750762890886287,22.352488402653982,2025-11-17T12:30:44.863083
83.58967473044342,11.654697718053564,83.34170142304112,267.8553027608071,6.417924064237557,13.557499390526978,2025-11-17T12:29:44.863083
21.848063890170195,32.3894143770723,30.543055771189007,503.4782871812663,6.951992074633689,17.85968905093231,2025-11-17T12:28:44.863083
83.33144821551329,31.164899558038716,73.66565256656628,909.8140634311958,5.5032110638170035,3.0039814683905486,2025-11-17T12:27:44.863083
52.764363580483135,30.25389657533259,57.13413845327006,1515.2222207511024,6.804655738330447,1.8544048898578054,2025-11-17T12:26:44.863083
25.361300077435907,35.19994669731829,77.11932853058858,1810.571576622491,5.793893122802341,24.755563365376847,2025-11-17T12:25:44.863083
26.752537115994688,10.35339628859926,94.83249103848102,705.9329938012036,7.1700486312814,4.41705785440763,2025-11-17T12:24:44.863083
56.418282575931336,37.121049593636776,50.81177588284851,1406.4571568798465,5.9697589719960416,15.619884967968131,2025-11-17T12:23:44.863083
36.916028145400816,16.33624775763855,50.35683329573628,521.9139233140388,7.754790269594707,9.929672157928222,2025-11-17T12:22:44.863083
29.622344397949387,23.45223523047799,50.83485084242221,1539.9546568639867,7.928049779713736,10.95084141744117,2025-11-17T12:21:44.863083
78.88267199777923,26.975892206788586,40.22031823112518,1443.1209357464147,6.78358624281455,16.265163081302585,2025-11-17T12:20:44.863083
81.1749930057332,23.21303711968138,88.57654550912812,1551.2042257069788,6.721512314694962,15.080553391449092,2025-11-17T12:19:44.863083
36.046490601520915,39.507918992163226,73.37782559827573,278.9243344939338,6.3165547643700215,15.582860843976437,2025-11-17T12:18:44.863083
14.506662223939184,10.716525739574283,59.251575569307164,798.8423234468061,6.595746520082915,6.567332747000129,2025-11-17T12:17:44.863083
23.17741975543847,30.67430070941013,63.447122557407035,560.2775802488603,6.298973565649995,14.795197691583148,2025-11-17T12:16:44.863083
15.778347861798228,14.423590277985387,34.76096426698036,1662.171198885414,7.381023083030023,18.832823296981427,2025-11-17T12:15:44.863083
67.30602747808224,30.081562710096076,61.00447449958138,1356.100694312807,5.5959038869699365,15.536610566419615,2025-11-17T12:14:44.863083
72.23021644295017,25.010750811531707,53.2383663477704,699.3681226417624,7.107005125405206,17.320029965747718,2025-11-17T12:13:44.863083
79.6774079890034,20.27002247382972,80.03519998006306,1210.4404835408081,7.707091226695198,13.19530270739052,2025-11-17T12:12:44.863083
51.41038627183738,27.33631244322727,78.70549808425824,1936.4428618912298,5.683908385539414,1.3358650597754291,2025-11-17T12:11:44.863083
85.00402699258709,25.896268765546182,69.96869594685084,1068.362482870512,5.734143631518686,19.202234460466663,2025-11-17T12:10:44.863083
69.77797160708695,19.35109964478436,49.90555093984602,1708.1144856299334,5.680893144353316,22.027628708914147,2025-11-17T12:09:44.863083
30.532935191673154,27.789542432664817,90.83962163511555,1420.6205027659637,6.536074531167591,17.23835522263538,2025-11-17T12:08:44.863083
37.51837090530962,18.317752490475584,94.78441306575418,1551.422416123618,7.111799943454544,8.88224108048297,2025-11-17T12:07:44.863083
13.932866332403853,10.931706281054668,66.02178160417192,1571.6588978702919,6.843447976109638,21.019626798477866,2025-11-17T12:06:44.863083
12.67412264745773,21.0025622927782,45.409575426321574,1005.0913426828197,5.680940982985306,23.853291039276815,2025-11-17T12:05:44.863083
27.860432085548872,37.66923326450754,57.68305507738432,1973.9434398593924,6.885145958650527,23.270821604395188,2025-11-17T12:04:44.863083
10.427919095537828,32.447164185427,88.6982924516635,451.4970205621173,5.740314629330379,10.614315179648889,2025-11-17T12:03:44.863083
84.69431249063481,26.271596805713163,64.28467014191258,454.02701293877936,5.501973777733047,20.25350226863653,2025-11-17T12:02:44.863083
17.005965038899056,29.015494562059718,89.45006954348744,575.5734436851758,7.163182090592277,1.9674644176877365,2025-11-17T12:01:44.863083
58.30041150700904,14.917951628596082,77.83698143348657,742.2163306290348,6.658477522011616,14.985763550690542,2025-11-17T12:00:44.863083
23.701872853299164,32.249134558528624,49.671622141392945,1392.2693478429562,5.895707626748434,17.202941480158756,2025-11-17T11:59:44.863083
20.25504582483694,22.760694888099508,46.068394793027,1547.0754489707285,6.155087511267187,22.042932659884904,2025-11-17T11:58:44.863083
81.34561691252902,15.893239456683576,69.89998642550208,357.89175509593576,6.478842749004073,17.833043237531808,2025-11-17T11:57:44.863083
62.7538597479933,28.74102008219824,48.365156138058836,880.4449089819236,5.757365361750716,17.975570510840026,2025-11-17T11:56:44.863083
50.311103743301885,31.262968970369638,46.18132911179673,783.9888115431191,6.3355383431502865,0.643560243680405,2025-11-17T11:55:44.863083
37.28382982644988,34.099137205541005,88.324402223733,1132.7929681446694,6.638754238048051,0.7706154674842564,2025-11-17T11:54:44.863083
80.33634700683061,10.390306402776181,91.40875521366377,1080.5892476385632,6.354836233936816,23.1054608710665,2025-11-17T11:53:44.863083
11.951279448807739,27.442746846072612,65.68061409245695,594.7767221804877,6.5722185783755265,16.306600148594256,2025-11-17T11:52:44.863083
68.17049575055421,10.021505761197393,90.89547295591599,496.1456703070623,6.083951085555898,6.586836142346206,2025-11-17T11:51:44.863083
13.025610924162825,13.691563707709747,94.11274499137053,767.390127279115,5.788252725847624,2.6747815293655828,2025-11-17T11:50:44.863083
67.55679741359775,35.637059920979226,46.70189946805054,237.63712220342296,6.05772504611339,1.4128922699189332,2025-11-17T11:49:44.863083
18.27159493040332,22.94524359542927,44.94469410600612,1128.7025813457622,6.133734383142976,23.51343252757369,2025-11-17T11:48:44.863083
82.47551743410116,27.00418315031398,53.0375594791801,886.064387662524,6.5296307078612426,18.1894830533736,2025-11-17T11:47:44.863083
46.131119641507034,35.701898395176926,91.36616108547369,804.7030760820809,6.9017362034392,2.376413420814111,2025-11-17T11:46:44.863083
26.037523821308717,22.403973001304806,43.40317653361562,1777.8088834196917,5.8957156401477455,11.391520538827299,2025-11-17T11:45:44.863083
58.45593923679005,30.755917244825334,54.89950903222294,1764.3783237045113,6.920797877694814,10.987694511188796,2025-11-17T11:44:44.863083
15.37925072416293,23.94068405335495,83.34782965302247,1306.1738327983678,7.580406134322796,12.350291764982641,2025-11-17T11:43:44.863083
19.476936407558547,10.409195375076433,49.70927053670843,1456.3828486960265,7.475649759854234,7.393820865508236,2025-11-17T11:42:44.863083
49.652313670659765,22.63356713302245,56.68398098284281,616.4276837602708,5.840927762573646,4.917213955780328,2025-11-17T11:41:44.863083
14.426590973067688,15.94392225470731,30.598058345649665,1329.065121144761,6.290938518469208,24.328617785672716,2025-11-17T11:40:44.863083
25.497364062103827,20.374857109287817,53.25967531169966,215.21269291242896,7.598019882598647,0.799861503608118,2025-11-17T11:39:44.863083
85.2143867783393,36.762230532808616,64.80892454558763,1178.4720348403257,7.134444807390391,9.676250298372175,2025-11-17T11:38:44.863083
61.77778267182844,11.343051660654606,33.513095777732225,1023.0147553151799,6.874055752765088,22.195441008395473,2025-11-17T11:37:44.863083
18.372850712631703,34.679437815816684,43.65307692398452,909.3505673180573,6.291506087068532,10.003881821634975,2025-11-17T11:36:44.863083
22.039639845806846,25.107102232106648,82.10676833903887,994.7612186820145,6.726533939745497,21.219189632032855,2025-11-17T11:35:44.863083
66.48464917104246,24.71363225559354,46.75021713229668,1792.86814432094,6.942551004226396,5.528690252767335,2025-11-17T11:34:44.863083
31.52958021104083,34.09399266808738,32.86946153568461,1985.765936651876,5.825879199286979,19.901713134923433,2025-11-17T11:33:44.863083
41.58202534173463,24.766485498624007,87.24228753519756,943.2401412605839,6.843734384183087,1.2324915602292486,2025-11-17T11:32:44.863083
10.187797909396252,17.343996190051776,74.23790103971987,418.27680804644604,5.784404897011374,10.274015200897582,2025-11-17T11:31:44.863083
61.82696308865812,31.362159767437916,41.599293816394365,343.2586652696764,7.85099258486386,6.516659564052543,2025-11-17T11:30:44.863083
78.2677198086979,35.90474351388455,80.2139684645654,503.90049197462616,7.554503648135501,19.231263981039667,2025-11-17T11:29:44.863083
57.73783920849737,20.116061055068585,47.063059277325365,419.40058174464616,6.774392667252179,14.631521887746162,2025-11-17T11:28:44.863083
38.74711924126298,24.260772030426057,53.62843972900234,1353.8109031772622,7.753148019491409,4.098006551173622,2025-11-17T11:27:44.863083
40.51270479224988,14.22605811852584,70.62134507650907,1511.9669170794723,7.82978183149364,6.971798156524123,2025-11-17T11:26:44.863083
86.01689646923441,11.897880154620244,69.19590111869823,302.83889481799395,7.734435469404862,13.245226426751353,2025-11-17T11:25:44.863083
63.547868061023685,34.947217777313575,39.77019046145797,269.4648114886409,7.69720286478213,7.873330686473312,2025-11-17T11:24:44.863083
20.31831263417322,24.053837112612598,68.88989492024122,255.74708616051822,6.187239145642719,0.8199968569224003,2025-11-17T11:23:44.863083
43.62683113563992,36.853000871987334,93.872406747082,1346.6855963065295,5.904094234461479,22.646234749982643,2025-11-17T11:22:44.863083
51.29982585600484,14.612479363087543,89.91223351435798,1563.4442913015855,7.329263181807879,17.729517594860116,2025-11-17T11:21:44.863083
26.027185687715388,16.33020075122578,74.73904489777158,595.5009501987145,6.596679242007622,19.550045639848534,2025-11-17T11:20:44.863083
72.71620144782727,23.59785317577579,81.49234598789093,1709.5192331565022,7.13693937821065,5.710646307710504,2025-11-17T11:19:44.863083
31.9209424308438,19.44523466226206,37.592267002706876,691.6873166659012,6.02379806078133,11.383218745215054,2025-11-17T11:18:44.863083
82.67500382978119,13.134409502618743,76.81741505658071,1437.10940794363,5.739385496658394,23.064310122645,2025-11-17T11:17:44.863083
55.47777617254557,20.911765634070527,79.17500792719494,663.2578251229413,7.233774592615801,0.9927801893061805,2025-11-17T11:16:44.863083
77.15264300874176,23.445125410639555,71.38503943326621,598.2280756520306,7.19268428164612,19.306006897331915,2025-11-17T11:15:44.863083
47.8570549507519,28.53180772185383,59.661185048455906,1809.364464664122,6.744672951285798,21.045217725720473,2025-11-17T11:14:44.863083
74.10816466161988,22.315144640450697,44.95549197073588,930.9478386075878,7.56554343943805,5.690813395484809,2025-11-17T11:13:44.863083
51.954907668619946,34.182902438822424,52.97603588334462,1355.9773466048553,6.114078935122036,2.731986134203998,2025-11-17T11:12:44.863083
73.5507380074285,12.969058702261204,47.63979068017299,1739.1969595953922,6.366173217696668,24.32613373785403,2025-11-17T11:11:44.863083
88.37874678190877,18.0482806136067,32.66358444624288,1469.1139115696824,6.62746625662086,2.5188210989894073,2025-11-17T11:10:44.863083
66.60182551824343,10.935247273357637,86.56278488199574,449.5745524039467,5.818279696866813,4.391807449214613,2025-11-17T11:09:44.863083
86.82130867936533,30.79508080761538,82.08914980513639,915.7429743189555,6.340781818762389,5.862100169579248,2025-11-17T11:08:44.863083
48.45184226499271,26.554862006025054,71.0653648374291,662.8133071976501,7.871635202257476,4.243962455178396,2025-11-17T11:07:44.863083
87.25225398131299,10.445683675225114,61.27316996809496,800.062108609813,6.6228085348256265,14.266614474519725,2025-11-17T11:06:44.863083
44.84713264101672,22.44540550904785,77.62702200186493,1434.5772951556364,7.58317820508962,6.248974530987389,2025-11-17T11:05:44.863083
58.762280780325085,27.555843561785615,54.03295770672477,1074.9035754248257,6.284455358264322,3.54610994042463,2025-11-17T11:04:44.863083
27.104096853018625,13.165409392036032,74.39952238735808,1389.3093075964728,7.876515928949682,18.24196034118103,2025-11-17T11:03:44.863083
14.163667100490516,36.527355217868624,86.07388559147218,997.9765773908576,6.964657626319804,24.401958311812972,2025-11-17T11:02:44.863083
52.5843491078533,37.159654851282696,35.39751925766212,543.8933636756292,6.601887358603294,14.618920208432618,2025-11-17T11:01:44.863083
75.29822814902401,39.6478634542956,55.27534727081757,285.34814505215286,7.502928758238312,15.109517977070203,2025-11-17T11:00:44.863083
25.883428709456133,24.844853698642606,78.25016595969208,1586.7412167235589,6.749046029996905,7.6303632532214785,2025-11-17T10:59:44.863083
87.89940656307948,29.900878328694784,56.53543875750941,704.8338035683744,7.3277574575089055,6.054586139844193,2025-11-17T10:58:44.863083
23.736799117895053,25.89501666886211,48.84918052186922,1332.029260862507,5.794846687185584,16.37352761418304,2025-11-17T10:57:44.863083
32.66372223981618,10.007288033035382,38.25084374882147,1880.5076801031694,7.668386597788395,5.840225800905921,2025-11-17T10:56:44.863083
72.2697523636393,28.25714779521923,93.10880624424152,872.4901871613064,7.203651531292929,1.5883930605979646,2025-11-17T10:55:44.863083
41.69978774531248,38.91452983564541,65.03375683925783,718.1831060027203,5.800677407821517,17.58820850453826,2025-11-17T10:54:44.863083
61.588483474378144,21.21816140811324,91.81118787127923,239.96506337813057,6.2593096290795645,23.026737157489535,2025-11-17T10:53:44.863083
35.67483506555523,17.567585015655112,64.72432664553108,1682.8431498569682,5.757866902195903,23.575517741143404,2025-11-17T10:52:44.863083
73.60583049449312,15.437507666546558,76.28051747788058,892.9257007476028,6.505736695190796,19.58225231097166,2025-11-17T10:51:44.863083
87.02278463845857,13.799676185415818,57.340965397123256,1065.6948945517463,6.440779542387494,9.079728092905626,2025-11-17T10:50:44.863083
14.181493404927723,30.5661586168787,58.35393711280295,550.6288447590682,7.540083755755171,20.064018703790698,2025-11-17T10:49:44.863083
48.91133024711151,18.953519834432818,71.4760271767694,718.6738443993255,6.09001982580928,18.262866350658165,2025-11-17T10:48:44.863083
13.226019177676056,12.84305413103782,30.441231311533336,475.2977356557671,5.672475021776148,24.895059194497964,2025-11-17T10:47:44.863083
33.10479759632717,14.478040380077418,45.664756769734666,1885.0260287722424,6.800400557560989,9.120452407696423,2025-11-17T10:46:44.863083
79.87131663273755,21.849708116470975,51.77555704725023,573.108540589524,6.444492059773529,7.91710890042315,2025-11-17T10:45:44.863083
64.18431674385128,18.68748114012181,67.51798351746649,318.60589705755086,5.978222891741286,10.18513179028372,2025-11-17T10:44:44.863083
84.95594031269563,21.317559571470863,73.16481787798921,659.1570003585166,5.81758393993308,1.4634150020012533,2025-11-17T10:43:44.863083
34.433079883420106,14.72983080390724,41.310679121048075,1569.3667550965101,5.539595177362186,13.94525314338586,2025-11-17T10:42:44.863083
40.35691044747718,25.196499997256417,66.58396541894919,764.0618500231008,6.237772150460713,18.335046233372644,2025-11-17T10:41:44.863083
79.70215904969257,15.777448973755837,36.34521943478468,1816.0324515056468,6.3747386591184965,13.782934766570353,2025-11-17T10:40:44.863083
38.76345156160028,13.774070090381539,68.30655692160232,1145.2535331853333,6.007483897977993,11.296726116306946,2025-11-17T10:39:44.863083
73.75580032125167,27.71278309323674,36.29962625935467,1186.438695012443,7.256845748223967,19.817585144518784,2025-11-17T10:38:44.863083
60.32940629074134,14.579744936223513,76.16126232836044,1419.2153229467294,5.561067207351583,10.293691689756079,2025-11-17T10:37:44.863083
36.63601975698987,30.082361927609302,44.04882780020985,1263.5694613536652,7.783014904535431,19.945059305215192,2025-11-17T10:36:44.863083
83.71661889732243,39.355179007980695,30.69355825540058,1320.9342974794597,6.532098494397266,21.496362258378042,2025-11-17T10:35:44.863083
30.145176160730536,39.43088467345228,69.89101802034358,1628.3673240118958,5.713998882056921,4.586447118971626,2025-11-17T10:34:44.863083
70.67229384273625,10.659595661179708,83.09706908309587,225.1082336454406,7.142797097653183,9.127348005795147,2025-11-17T10:33:44.863083
58.91958821753593,30.88094220967341,52.26088924710977,394.332406599504,5.674114669370664,14.723400564063697,2025-11-17T10:32:44.863083
51.65242829872892,32.26603027363397,63.13280815025591,960.4024220555824,6.495217945590577,0.6611725649416866,2025-11-17T10:31:44.863083
36.844576135732574,39.280604725734825,86.78111245476077,792.8805206615918,6.96948851266593,21.18241863838735,2025-11-17T10:30:44.863083
45.30194694000549,10.538735912504528,34.843180018211605,1118.706898427672,7.923598439189696,17.330238555471695,2025-11-17T10:29:44.863083
15.673295315085563,15.680826273755883,80.13600430909526,1714.5915679212405,7.044236465471477,16.110579240745416,2025-11-17T10:28:44.863083
12.266996030670771,34.855907787445254,81.23788853110392,666.2632593860249,7.271691799913768,5.371365160624952,2025-11-17T10:27:44.863083
13.22641288412104,16.03409627771132,41.610876989029464,807.946394122725,6.546123742938645,12.713472287442698,2025-11-17T10:26:44.863083
48.14031004066625,18.12023817895868,31.89609345731484,1289.1829200268712,6.489362074618386,7.466803934688743,2025-11-17T10:25:44.863083
79.35528342644099,32.402299233944795,85.75476064420874,1090.9690304824298,5.8273281303169435,17.40553590303181,2025-11-17T10:24:44.863083
26.48590239497402,23.236890072751503,34.22505128167775,1685.5551243613684,5.814851602618751,22.57743767623274,2025-11-17T10:23:44.863083
79.13844818092457,23.93748293317738,78.38393327975939,1315.001132872676,7.507689105844362,10.795127519647801,2025-11-17T10:22:44.863083
72.864678739548,23.87370451195444,91.1627762097816,1075.4697814852657,6.656548179834324,19.626796539087817,2025-11-17T10:21:44.863083
75.72621534086704,26.63467342963512,41.686857877179904,1041.9648157236431,7.920181257274196,18.82465482597963,2025-11-17T10:20:44.863083
74.89300831033057,10.984764964577204,60.41086507122039,1363.9180405835996,7.5750817090701865,1.2318413395692867,2025-11-17T10:19:44.863083
78.19511085134985,26.45202810225735,42.8254080874439,771.05938960946,6.2048238793789015,13.271475857211895,2025-11-17T10:18:44.863083
14.134854392890546,14.756084754997705,82.82504781942586,438.6871833442599,6.083490673645318,11.334265140103932,2025-11-17T10:17:44.863083
51.36967104906644,32.908314388424756,59.076607733302204,1621.7563178639698,7.045865767613644,2.8274934855955616,2025-11-17T10:16:44.863083
22.50651507142709,23.111011763493124,55.797810550787574,1538.3796853471304,6.95184284949338,9.703327025056232,2025-11-17T10:15:44.863083
23.66082267603085,16.805113069764854,67.40756620048884,962.1898488196265,6.78731877215168,4.266935882555842,2025-11-17T10:14:44.863083
63.03250018756526,35.57616222567901,46.766067941148535,1084.7256064972878,7.938818322552255,8.331043513768192,2025-11-17T10:13:44.863083
57.60370759390089,12.705871006007332,69.39097516116381,361.33719194831224,7.898088588309555,17.891566301807785,2025-11-17T10:12:44.863083
73.0527830508565,31.123130823149104,68.33238734497027,1009.8430059539097,7.645933449402656,23.920891688576575,2025-11-17T10:11:44.863083
49.92289383232651,37.946051474657864,67.91663914925364,1169.09153641358,6.636206832388392,5.232194038252996,2025-11-17T10:10:44.863083
10.297572865444735,17.24518680568184,63.13200615423174,883.9279140675545,6.6212130700065845,24.51620548910124,2025-11-17T10:09:44.863083
38.02178965354621,23.565488180803236,38.678510837933274,286.32391838657776,7.438523786481237,14.267079376799465,2025-11-17T10:08:44.863083
70.8563844835116,14.495883966596548,67.1688701268749,656.556453814476,6.07015454225005,0.2881503513246314,2025-11-17T10:07:44.863083
20.42725788552575,19.278043344990863,37.59711943841104,1974.5451927396875,6.271581621309877,3.258098667558204,2025-11-17T10:06:44.863083
25.92658502623662,27.631096850244294,34.162829051211254,1752.3814342540825,7.903749198092868,6.168685516684522,2025-11-17T10:05:44.863083
46.00762148726875,10.664033530884913,71.6461646072694,945.06690449466,6.1751461652538895,5.170927765415212,2025-11-17T10:04:44.863083
62.321846212700834,22.486510930969434,41.67785378694428,1440.3963466762832,6.9126807075917345,21.466801373237406,2025-11-17T10:03:44.863083
19.398071910119434,33.56999805833368,73.77859114312184,407.0196862905761,7.237051824679302,11.03868222199576,2025-11-17T10:02:44.863083
85.59878284446745,14.24834051853698,71.78417040302297,887.5640818333027,7.892036676477194,8.249372382256912,2025-11-17T10:01:44.863083
86.97487275934401,37.044575533022474,47.574910295192666,1646.37519828757,7.989010504508765,6.316575054282058,2025-11-17T10:00:44.863083
44.94217354586557,25.60542209700279,49.17052382725118,227.47671136285356,6.050323110493816,7.048422108543962,2025-11-17T09:59:44.863083
45.487976105454976,15.133074352402057,86.76153318495872,1468.8400389164049,5.713001193899155,16.252311278498286,2025-11-17T09:58:44.863083
62.292518112449635,38.68663520930883,30.19635663815048,646.2784096504529,7.819478698438289,23.303347884957077,2025-11-17T09:57:44.863083
67.64691354965099,32.9728996314262,35.946392265427065,1124.9765026008204,6.078957478222499,4.530451090340431,2025-11-17T09:56:44.863083
74.8242639298666,14.051144100416423,60.46235640476504,1889.4408312548594,5.964580138913356,24.449835593455866,2025-11-17T09:55:44.863083
89.54303886088472,26.668514640472086,41.05927811151526,768.9887982936121,6.561232081691338,7.733105608955573,2025-11-17T09:54:44.863083
32.450846390121264,39.16689127649073,39.96871378202347,1519.9902356903522,5.501025723597937,14.904566735059422,2025-11-17T09:53:44.863083
83.2754403163242,18.63802282279657,42.059188391751746,1373.0236307811685,7.281503518245983,17.200762973799534,2025-11-17T09:52:44.863083
35.545350401709925,17.566072064779927,92.13472199753286,1861.939114885873,6.643291524732051,21.154846653859334,2025-11-17T09:51:44.863083
46.18587821074368,22.731670542175312,40.18959159395415,967.530901685551,6.843542346499517,0.5626081857171616,2025-11-17T09:50:44.863083
45.529040414032515,33.44068655185601,74.20299366432755,1343.282579955083,7.773888571093006,0.4508002456307503,2025-11-17T09:49:44.863083
54.56380689537873,33.620465452291214,65.18679987558238,783.0119946446825,5.840626412729945,22.189076795404784,2025-11-17T09:48:44.863083
47.66099139100824,36.34345590957104,68.08038795815594,1413.5458099070015,7.510652885946126,16.47888861500336,2025-11-17T09:47:44.863083
41.844387254315016,25.40900151785953,82.19795910393219,872.5705334713715,6.470303641921243,2.392252901450029,2025-11-17T09:46:44.863083
83.16675481773981,12.731089448363253,72.13359653415614,943.7500618450358,6.514048475638606,16.988795914317098,2025-11-17T09:45:44.863083
15.367498610390298,27.811173488543037,80.18206608820306,1690.7829641958697,5.926325973484438,22.43547625195434,2025-11-17T09:44:44.863083
62.49168734779538,36.45564402462048,61.54324661216289,1175.6600211749637,7.797595692571678,22.497738583866795,2025-11-17T09:43:44.863083
45.85286986952016,18.23237894907045,55.556078246677174,897.9757913535495,6.217167187456985,6.714490108324164,2025-11-17T09:42:44.863083
78.88503491837756,12.09585762053985,74.04472683647361,511.0760926216141,6.361264733485158,1.5385758533709215,2025-11-17T09:41:44.863083
31.597890948436962,33.052632133517264,87.52599609557181,598.7488734242606,6.658869598147305,11.75810119843016,2025-11-17T09:40:44.863083
79.88602446077874,32.88397158627416,63.350019193923245,1407.3449608491921,7.618387634773417,0.23847385063862359,2025-11-17T09:39:44.863083
42.23120248400389,37.217295018312356,78.12034700485684,1177.1144738013345,6.824111317587834,8.694252440110944,2025-11-17T09:38:44.863083
51.64164269132116,29.6614959839036,57.19359749787155,1485.4756635059132,7.653080568150965,3.867121204621529,2025-11-17T09:37:44.863083
46.123761825393956,22.240602738552433,74.68521226323233,649.7614374642728,7.100627287380691,21.937231043287202,2025-11-17T09:36:44.863083
43.45052798348981,37.3304709993766,94.5556430306761,390.96568990631374,6.082632969962146,23.759493787052328,2025-11-17T09:35:44.863083
86.66621491851095,12.931218261602755,30.974902524513883,489.98004186156004,7.990031958455621,4.499990415267171,2025-11-17T09:34:44.863083
50.20380853776185,35.45253179291533,31.326104694733413,1288.080168065227,6.1925636221740605,21.55837291099329,2025-11-17T09:33:44.863083
32.676891941126335,30.602671608457268,73.8242761090808,598.688387947352,5.586997999670875,10.231239344634933,2025-11-17T09:32:44.863083
33.135452157269576,34.26933248841126,82.02367224959744,1022.6431139467259,7.016280563308047,15.10648789967313,2025-11-17T09:31:44.863083
76.17265187420986,22.750072423695926,47.904034186383086,677.0628526529854,6.840480698205511,11.228705068305315,2025-11-17T09:30:44.863083
45.209661678794895,12.734120172691217,76.70924314486271,584.7260383674393,5.992384075521803,10.318958006934837,2025-11-17T09:29:44.863083
28.222267329424113,27.515748019240462,54.145117056740645,1008.0411006670222,6.842923304010072,5.088388062045121,2025-11-17T09:28:44.863083
22.460129829242383,36.41265708620814,58.19204068404237,941.7684973385705,5.589030375682103,12.449407564684831,2025-11-17T09:27:44.863083
54.33357772888001,26.765226128639995,75.95702600598747,519.4673029838211,6.130557835576547,20.268261630760318,2025-11-17T09:26:44.863083
85.77364934747152,14.07798242101962,62.34722104283918,585.5172549312563,5.650182920887456,8.137583453153386,2025-11-17T09:25:44.863083
21.49501001473702,31.297992203027388,64.69215188864389,458.9020477825596,5.523103971013786,20.20392622560532,2025-11-17T09:24:44.863083
24.095552493139802,28.18649926662298,51.89992434998847,1253.874688967064,6.2891340674558105,2.173489017306354,2025-11-17T09:23:44.863083
27.836000684620288,15.641756994372269,57.821257908576854,1384.9108101670831,6.159515187365894,0.3017483825154488,2025-11-17T09:22:44.863083
51.51498914118055,28.172784680769162,92.58658211011763,1261.0474455678443,6.677931398445354,14.335040647442595,2025-11-17T09:21:44.863083
84.23205038896216,34.85134436804938,50.993617668647516,627.0578545828471,6.156584030915184,12.610525992880325,2025-11-17T09:20:44.863083
69.52395609828622,25.096576215488863,34.40676572882732,1502.4452607919657,7.514925321677385,7.237446627992991,2025-11-17T09:19:44.863083
63.13005914266803,22.797757031631804,87.79275812228379,1721.4060046893317,6.813579995774106,17.28763864533986,2025-11-17T09:18:44.863083
80.66797608176832,24.871510302348266,50.361298131773424,1556.5990482372463,6.050165636961729,9.71327870015105,2025-11-17T09:17:44.863083
79.25817896854349,31.73267020807945,56.24771534108745,586.5401043350433,6.389920977080592,7.102603730685825,2025-11-17T09:16:44.863083
24.087143035508312,32.2999874069697,46.38454264526115,1017.5014463019749,6.464648617090273,24.55193446589077,2025-11-17T09:15:44.863083
41.28737953185764,12.399474483902644,35.83867391718546,1263.3566984355166,6.998408879345664,10.468974762066374,2025-11-17T09:14:44.863083
44.547495384962374,11.617977485226136,63.575523175302045,1108.531055684633,5.873873296392361,2.5959846527731893,2025-11-17T09:13:44.863083
19.88579924795924,13.030847394737755,69.63103270988938,553.6687743252535,6.128575380468659,4.339303603785993,2025-11-17T09:12:44.863083
86.62682435588025,35.638523894555064,44.98216442784886,789.6193290598268,6.024732105762493,12.296898986520594,2025-11-17T09:11:44.863083
11.568842597940288,30.14104026690387,64.0052797381467,1817.550070941986,5.910981710821035,20.102731151528292,2025-11-17T09:10:44.863083
73.35688115733726,13.815435676506608,55.90634956936829,506.2747540601304,6.136801251143872,6.581154370763609,2025-11-17T09:09:44.863083
54.49891152206182,22.342327952813967,91.60263226040985,427.46625550460925,7.934230337125497,5.765966005356598,2025-11-17T09:08:44.863083
71.82991491054824,20.16909778518464,39.3002907021254,1744.200533443232,6.2721522480911585,16.471385105671054,2025-11-17T09:07:44.863083
55.315494806930126,24.15268928172623,62.228265722155044,1518.0282453661175,5.719432285308601,16.70451654894763,2025-11-17T09:06:44.863083
81.6649681118863,11.733645910595925,39.14246705018834,1489.9374860636565,6.593204120611544,10.088715520342209,2025-11-17T09:05:44.863083
20.95733076353887,25.203101221533643,38.225445227764524,1057.9168213589728,7.409038247404142,6.456608947179088,2025-11-17T09:04:44.863083
48.46289345437818,39.760479081905075,74.63227751801242,1714.4421883493574,6.537119016401364,19.19652307814638,2025-11-17T09:03:44.863083
13.240733835305747,13.68733547626735,43.19958853980404,923.5134643073952,7.614362195814408,8.656651269698262,2025-11-17T09:02:44.863083
62.36969548123703,31.2794288441045,68.1018530157422,843.0355427062452,6.942633354283861,8.556639819743655,2025-11-17T09:01:44.863083
16.709899084160966,39.784119345580436,38.266859486113205,330.2270909049032,7.69632687301789,7.545866522322378,2025-11-17T09:00:44.863083
62.02375792588061,19.870171889866985,55.44452760164063,671.8033496302337,6.357610014482526,10.267510014663578,2025-11-17T08:59:44.863083
67.63328552738743,25.346085827043755,91.3317391152035,275.3847089097959,6.75767080658007,14.605619720792953,2025-11-17T08:58:44.863083
83.61575888594191,11.474755708642828,67.27747302078905,1736.5338713503227,6.104819320298091,21.907308713098438,2025-11-17T08:57:44.863083
11.523472741943346,31.97363887401189,90.65235937596245,1382.955790952112,6.59757310995112,1.1220254118179507,2025-11-17T08:56:44.863083
83.6091050658103,24.108886680747244,31.88478838183662,1441.6779283917715,6.704593133940645,3.1086329360602685,2025-11-17T08:55:44.863083
27.141744744820766,11.934720413675388,67.32908008105727,1319.6530626536166,6.764355745888611,20.42755332506537,2025-11-17T08:54:44.863083
78.88070570464109,28.4687319004938,30.829171180982986,1451.4133803459242,6.544998042300879,14.138937080659675,2025-11-17T08:53:44.863083
61.92644816151075,20.507098429812302,89.61140283616663,441.1547601496062,7.178779518202593,0.10898949891451071,2025-11-17T08:52:44.863083
83.97208843241447,13.375123997142744,36.167474959592354,799.4137394940396,6.433915715097702,5.357501808071966,2025-11-17T08:51:44.863083
56.809732874169974,23.287422941258907,32.221413287670686,775.3737120595412,7.526082283932926,17.242538371546715,2025-11-17T08:50:44.863083
67.98966828639044,30.943507722505707,50.213246389897165,379.39505973819655,6.18116796008274,20.794632504628982,2025-11-17T08:49:44.863083
88.43766382264569,24.81541044224684,30.630523069997743,452.08066184161225,6.3052014382906645,14.464633714823744,2025-11-17T08:48:44.863083
16.007491664425118,38.30071896129645,53.73043876348605,1842.6515922646815,7.451304506892555,18.885931812889527,2025-11-17T08:47:44.863083
58.53756638257856,28.80351451155534,71.47021028905613,1331.6984966460477,6.884320578495903,24.660350462072223,2025-11-17T08:46:44.863083
68.5832453940557,33.308391651775636,86.71008298043881,588.1515729065285,5.709510397737652,12.072360914964966,2025-11-17T08:45:44.863083
51.12645564954185,34.87545339849753,58.845932653351824,1227.535445979763,6.817677346283646,0.9550695939347764,2025-11-17T08:44:44.863083
59.21719172775312,34.84129857322757,40.23753562492725,1269.7971210678725,6.984026361116036,4.104624101408969,2025-11-17T08:43:44.863083
19.87708589845888,39.40155828929454,55.59174602744744,609.3591117023527,5.928311361135937,16.690042839580876,2025-11-17T08:42:44.863083
58.755623786182305,29.306563689622525,35.7203917882444,1808.3622502971866,6.47316599202262,7.834235160758948,2025-11-17T08:41:44.863083
46.98891577981914,21.701981972428847,86.13250520404449,1872.6697553562058,6.258633041124016,21.59839518649887,2025-11-17T08:40:44.863083
72.52185036264537,37.92423017034285,45.973770292082705,1238.5264702177624,6.186361461851112,20.602362262109356,2025-11-17T08:39:44.863083
10.42593524568514,26.944574886591884,52.04822303267467,780.8306727400765,7.112265809662293,21.28711123284985,2025-11-17T08:38:44.863083
58.7356313114661,35.59518935940167,47.19881227226695,1135.103338576966,6.62634134766769,0.29112248757740544,2025-11-17T08:37:44.863083
54.54497145125921,29.845729724385247,68.47443628723956,1525.3038178101588,6.928348821132692,1.6687563712689228,2025-11-17T08:36:44.863083
19.315641926776912,27.89423732631857,47.873647478286614,343.3612322625785,6.574006858621367,13.858064952091384,2025-11-17T08:35:44.863083
36.299679067968526,31.61301106677334,71.84508952658089,799.0730499650095,7.387181322271402,16.217376063325887,2025-11-17T08:34:44.863083
60.995630297432164,26.60283102361204,30.740328425755933,1453.7129302584003,6.440104477772891,23.56524275396639,2025-11-17T08:33:44.863083
75.43878168617643,27.630834085939366,46.39182881825251,566.6913078997998,6.350962094193873,11.914198589500463,2025-11-17T08:32:44.863083
33.68524080311577,25.447884861774483,40.74907765835709,1959.8830630859,5.769811387412485,23.2986034913593,2025-11-17T08:31:44.863083
83.08624091221559,25.76081445458494,77.11916766934549,984.8869363506581,7.075086443856096,8.514398435527967,2025-11-17T08:30:44.863083
34.09272158283563,27.34689358508541,62.37842882195872,1243.1654644699659,6.216651453217557,9.173945795424881,2025-11-17T08:29:44.863083
16.711836850312743,11.568291168166171,46.47471342874606,333.64434679498237,5.759436771586852,20.323210134848427,2025-11-17T08:28:44.863083
13.109895761335144,29.76828381804228,47.716253673001034,1768.7822252746275,6.712480711443749,7.6394114831956434,2025-11-17T08:27:44.863083
51.411114855154764,21.458740571358064,66.67956920353896,406.15916298742684,7.992476257031377,10.638896942417938,2025-11-17T08:26:44.863083
37.8584511765895,31.306295449487948,53.653461422196614,1699.8937490517637,6.635676810901063,17.988960331635873,2025-11-17T08:25:44.863083
18.596257315350925,35.38357556665335,77.82166914057714,581.0902012315382,5.863215024364466,7.90730871814061,2025-11-17T08:24:44.863083
88.08564688255234,17.70494723701176,59.64826858153116,254.03640629120537,6.493068823915581,14.283000385827568,2025-11-17T08:23:44.863083
86.24996900063721,25.502081348201934,83.2419762015497,1184.829756624021,5.601962533588795,7.875206879744351,2025-11-17T08:22:44.863083
56.04396062648826,38.51781897793373,85.84347338383017,611.0401055219257,6.050274575047909,5.029324177847519,2025-11-17T08:21:44.863083
83.79991170420026,35.57998459305162,80.36742309644167,906.9232056036096,6.7609517607469165,11.60829361987882,2025-11-17T08:20:44.863083
30.271848604749813,25.150841384463007,31.982275610429042,437.2586722954265,7.716473990422366,18.791994175785582,2025-11-17T08:19:44.863083
43.82947272472697,25.514510868516318,54.04992758739853,1533.4037608892104,7.460467948080199,19.082129755078977,2025-11-17T08:18:44.863083
67.80893798675596,16.135130160783874,51.96804865063112,1045.7217829706149,6.326982478569139,18.873505003958226,2025-11-17T08:17:44.863083
36.348281939996376,14.146962603560116,55.937629383139765,1963.8459790082845,6.06470353233394,15.303966473580727,2025-11-17T08:16:44.863083
44.6378439871765,12.1307370294798,61.71197938987387,1463.8957915669625,6.783049939569547,21.802651593664528,2025-11-17T08:15:44.863083
33.11496133260661,12.587475139118947,90.87676475777039,880.7534291507942,6.941013878634084,19.800078153254898,2025-11-17T08:14:44.863083
35.94509311004644,31.484936145328334,38.802225238158826,724.3287449699095,5.8617765903413,20.280763960033944,2025-11-17T08:13:44.863083
27.811938818142828,31.522106662156308,91.31439582096742,1149.9899763239787,6.850072980651719,11.525839202445301,2025-11-17T08:12:44.863083
36.071211471491424,24.269650927747513,69.18248959733936,1974.7848299071868,7.844411398295561,21.553823957328046,2025-11-17T08:11:44.863083
81.13044285638867,24.035475498761286,72.7338812665352,1811.1201012851855,6.482376912478383,24.04406195863672,2025-11-17T08:10:44.863083
43.26288496553464,28.03247996179647,76.13730636270418,1911.065623536689,6.111540685130665,18.653274455966056,2025-11-17T08:09:44.863083
51.66524689152658,18.056714218619234,80.4794445867654,1194.0001043129237,7.152434551624189,8.072526714447525,2025-11-17T08:08:44.863083
48.5019161462084,28.520627529642013,56.31920292753986,557.0705717258624,7.90410123078826,12.786688501065434,2025-11-17T08:07:44.863083
68.71362962301603,22.331415806681743,53.08356466167156,932.8957372408249,6.522991609464125,13.604502898548839,2025-11-17T08:06:44.863083
53.477589598509056,24.91461447648615,38.76107601963348,1092.935861300956,5.922759751051629,3.153394657394129,2025-11-17T08:05:44.863083
84.61165738729342,28.148500394431128,72.86685377809798,923.2286066000548,7.77245222978716,15.948262239491637,2025-11-17T08:04:44.863083
71.533589561887,21.056874070831416,92.40077225324316,1676.830322284967,7.6348711575363595,4.304856685643857,2025-11-17T08:03:44.863083
31.67705662969756,18.568797990507314,47.60909951104662,1739.7346917877182,5.57971198802148,1.9024997245193576,2025-11-17T08:02:44.863083
31.913189650392297,15.996189239483309,45.07087490238514,1636.29774065594,6.907816484730118,0.14426653232419984,2025-11-17T08:01:44.863083
44.34582125633562,22.236547805510767,37.40644251389533,1417.0552194826228,7.255242970948728,18.022330476302443,2025-11-17T08:00:44.863083
68.27767564468736,10.001584807968904,92.00485225003695,1665.5757806983936,7.759954241473213,0.3910823826858534,2025-11-17T07:59:44.863083
84.70870366285915,34.29365586064314,84.41924429231541,367.91729249954335,7.346945072296494,23.997917241052274,2025-11-17T07:58:44.863083
64.28378731345285,27.116842138738193,91.4659290536848,997.2868191219848,6.998233915776197,11.908457337359154,2025-11-17T07:57:44.863083
84.62769770882393,12.282541802965218,62.57278055364763,1436.514394493789,7.479766346055593,14.575466186103409,2025-11-17T07:56:44.863083
82.71341952971632,38.25974340651615,34.18074950758293,924.2669711744738,5.558647554302886,8.235416434361072,2025-11-17T07:55:44.863083
52.94945743764817,37.323847915298465,85.02603096025118,429.4995080095743,5.732575936852239,14.731683468916676,2025-11-17T07:54:44.863083
52.569437796702616,17.991329242900715,88.46445049599929,1869.2595370307963,6.506528595850407,22.257563927838007,2025-11-17T07:53:44.863083
40.71591154103781,32.104504954891006,60.93624414060207,420.64968171292935,7.819835503092554,11.352414834438415,2025-11-17T07:52:44.863083
68.75896322579229,21.015214432938762,31.22725710745525,380.9546456453046,6.740548698724811,17.24910892815906,2025-11-17T07:51:44.863083
36.778826126342324,30.86465377532951,75.41131331307714,1467.0846331900955,6.731304635051271,22.8721537530376,2025-11-17T07:50:44.863083
49.135721438449245,23.507955804899147,42.959753235690755,753.7791572414058,5.605836231295759,15.838382340404255,2025-11-17T07:49:44.863083
29.88285951416743,19.124657634563953,80.10294390818088,788.998129690617,6.105489730032856,4.226443728342644,2025-11-17T07:48:44.863083
71.98867217455647,13.891187739700808,59.49399441627298,1112.47420893895,7.218474781714287,15.832087058324888,2025-11-17T07:47:44.863083
74.85765383561399,11.342543017787145,49.26864711066082,704.2414137956836,5.86504226398027,7.229456346411078,2025-11-17T07:46:44.863083
34.78122513143227,25.65653385782435,73.14079113020665,885.9809245012653,7.2986755782834525,8.4041334644895,2025-11-17T07:45:44.863083
33.22269418518083,26.23564167571073,31.54156341987639,343.6204225412007,6.5449238589663175,23.572817784793912,2025-11-17T07:44:44.863083
67.72094238747388,12.643797085016732,85.0106708307568,1518.1413870947258,7.027366314256633,20.507324015229432,2025-11-17T07:43:44.863083
42.32878781943657,16.645031525615583,63.28152029206936,1187.9151600682528,6.845815930024781,14.126844787002632,2025-11-17T07:42:44.863083
85.89639345913446,37.067368692886944,86.92160737633105,1642.5502596355288,7.858570268163213,2.4623660419850815,2025-11-17T07:41:44.863083
31.20986091565916,24.851678369637547,85.02474205302134,1109.2982807409185,7.370086848353972,3.4739976312229053,2025-11-17T07:40:44.863083
30.193105038124813,31.953282851130172,40.70771057770206,832.4406823788681,6.162165644533928,8.746542355561962,2025-11-17T07:39:44.863083
66.66592392623762,21.03541543428403,66.09211596951612,379.8773786979374,7.51254423308657,9.247215641203121,2025-11-17T07:38:44.863083
61.8827327226674,31.76168804985498,43.62795993726053,1792.41497291603,7.040560629017382,10.718128543787037,2025-11-17T07:37:44.863083
24.58681468625756,38.2690281370362,79.07943326855563,574.444212919848,6.344276936810561,20.24185645220183,2025-11-17T07:36:44.863083
65.65421305722711,32.97352878147173,58.67807164384061,1489.6572727559005,6.466234307159784,5.2815729234549105,2025-11-17T07:35:44.863083
60.6141627873088,39.280417767963826,50.189063140696426,1029.7452659825713,7.1850034276746335,13.537657053062196,2025-11-17T07:34:44.863083
77.47422365672394,32.85228119408548,33.78931825105321,1997.1582210627932,7.381006134298668,21.59758290735283,2025-11-17T07:33:44.863083
62.09581696762771,35.688553841402864,37.30489337036611,825.9281040067681,7.691052359011232,5.041380281672306,2025-11-17T07:32:44.863083
16.25936788640182,33.64356819835657,84.30660011681425,492.7739927418211,7.635864956956789,17.16919488992924,2025-11-17T07:31:44.863083
51.606614657326716,34.90750578344155,57.25120120573278,549.189121202115,6.212131691526534,12.62910045733287,2025-11-17T07:30:44.863083
52.50646341385406,34.16742479323701,81.43792703740175,1246.4598029682347,7.451963708413691,4.794336457341775,2025-11-17T07:29:44.863083
14.005162167463547,36.209014679041005,34.911042094580026,644.0391735391952,7.238297374060961,10.236198440682728,2025-11-17T07:28:44.863083
80.1051175932407,18.939393839868085,30.771637533508354,741.1801530093394,6.945187622962079,9.398459385082333,2025-11-17T07:27:44.863083
52.78982046070042,36.29794356505056,89.31152852497395,678.7533163774018,6.655351183174751,13.72860038103628,2025-11-17T07:26:44.863083
85.92899655105977,39.95851957493154,45.30147117469923,1508.5637684224678,6.445077655582988,0.20270492215533065,2025-11-17T07:25:44.863083
10.740201794872188,23.81698022686767,61.74176934528175,240.62545383219677,7.217318541935756,7.350084714873828,2025-11-17T07:24:44.863083
54.79144812287595,19.027572194962563,40.86373046650497,932.9127294779755,6.080683411976252,13.370024422979201,2025-11-17T07:23:44.863083
25.906282422918395,25.252179299338813,40.22960346647639,1407.754477074413,7.384844211103561,2.759855856248344,2025-11-17T07:22:44.863083
47.424192962987135,12.126151019646208,68.88185896023015,675.9277362733617,6.8190611420967695,12.936525234607279,2025-11-17T07:21:44.863083
83.94834769550403,26.472496677061688,67.89490118169051,922.9756263758845,7.872699007957042,19.42964773599024,2025-11-17T07:20:44.863083
32.83242322422733,35.32628757328696,58.10576341203085,1691.6008583604691,7.557220170733755,4.72175466907136,2025-11-17T07:19:44.863083
66.09129051068615,18.71928907919593,49.33702354952344,733.4265383850453,7.31392061889987,5.7456510448134015,2025-11-17T07:18:44.863083
10.072466819687218,31.457105604478993,41.127008349283145,388.06831155410237,6.09379030148515,9.4975130580676,2025-11-17T07:17:44.863083
48.07250619785606,11.337101221378925,93.08726662077842,1488.9134961552047,6.307985163310841,7.9674314321349335,2025-11-17T07:16:44.863083
45.88340394947675,28.78734468289099,39.5142493282829,540.0736647769143,7.648586457083877,6.406373097226814,2025-11-17T07:15:44.863083
40.4155998380142,36.13815552850351,73.10460891098847,815.081382815039,7.209248864311552,0.49208038453534275,2025-11-17T07:14:44.863083
68.85141280090922,24.610481215487184,82.85683957348998,1918.3477736116429,7.814471373736421,22.731626086383518,2025-11-17T07:13:44.863083
50.97359647471097,20.80426342416814,60.22729610749373,1441.8128059640494,7.709994442177967,5.174657575002989,2025-11-17T07:12:44.863083
83.45545267693625,34.45540695909668,93.62564098658525,1784.4531919070369,6.199843324229766,2.648897783601192,2025-11-17T07:11:44.863083
18.97928575932709,18.73669955734828,69.92194205899506,1647.7765869749105,7.748125767453912,15.59383460923082,2025-11-17T07:10:44.863083
10.450505019844298,15.589503295556005,36.48220325046891,853.984056024218,6.753377484084365,1.0849294644640213,2025-11-17T07:09:44.863083
37.878238063652425,15.375390238759678,72.0595608068268,1035.690264783812,6.738294117334772,10.692294700836527,2025-11-17T07:08:44.863083
86.48157683892536,16.442053753646896,63.58317688985183,1524.8312630576047,6.892111032836406,23.225522142920028,2025-11-17T07:07:44.863083
40.23746845130273,23.91027417319534,35.753950488957344,1296.1983998934713,6.220529921120265,4.007725987889222,2025-11-17T07:06:44.863083
53.56250343236064,25.96930790139732,34.93165667956309,1456.787816290051,7.059430476627132,4.72543206866243,2025-11-17T07:05:44.863083
47.55478897232351,31.6096874943568,64.41332313518296,911.8803371304264,6.305846145202359,15.259846666101339,2025-11-17T07:04:44.863083
85.12869586481925,30.1523452143245,34.858483736360505,1029.2329522678408,7.7270603287765685,2.361560645027172,2025-11-17T07:03:44.863083
89.11005697100347,38.472081809362635,35.08784124744193,1880.1439768091989,6.407831475648655,21.117729176896564,2025-11-17T07:02:44.863083
43.47066701706172,23.225653381075475,71.22580091354027,1594.05935469677,5.584472877370621,14.828899888178357,2025-11-17T07:01:44.863083
24.93863952778968,20.37848553589609,52.61796330008907,1044.3086123980765,6.335341029690434,2.684027961266694,2025-11-17T07:00:44.863083
21.650299082036113,11.00313956683293,60.56619054636903,1918.0058507353795,5.789188059120291,23.65661232507705,2025-11-17T06:59:44.863083
68.66892117856749,29.124964088024896,71.94305409603159,1688.1097671133077,5.767299660949553,12.618858089138543,2025-11-17T06:58:44.863083
65.76729106086069,27.60461335220691,84.13063961651415,330.0890762204327,7.226752598747915,13.350693259617943,2025-11-17T06:57:44.863083
40.33286911839547,20.208249467020927,70.35412113032254,1803.7916743596766,6.740439815252788,20.618079101923005,2025-11-17T06:56:44.863083
42.172510547517405,13.071833883795296,33.9978728698115,292.4018683826196,6.450375354894175,8.430943770896052,2025-11-17T06:55:44.863083
67.43496188980556,32.28464504754598,33.30550797419309,598.021873200227,6.185654625397249,13.690299603570235,2025-11-17T06:54:44.863083
21.56121791255602,14.01823658200001,91.34627779851726,1647.5652331360059,5.951637255227926,10.164195197637275,2025-11-17T06:53:44.863083
38.44975994060525,33.73012222196222,63.163839571077936,430.12952658824065,7.34748015789061,9.922199455622973,2025-11-17T06:52:44.863083
31.033939810571766,21.264958660621605,62.354176634448265,817.607929550617,6.104764431479395,9.96255072009951,2025-11-17T06:51:44.863083
11.53383285999186,33.174935382889416,41.11141808189308,279.0283045351471,7.134246732262698,19.348403220591806,2025-11-17T06:50:44.863083
75.10633052742746,24.805275479818,43.34893200484905,1527.009819049688,7.249282692885843,6.156768352579331,2025-11-17T06:49:44.863083
82.27262046902344,13.13114374248487,93.87473557343617,1748.4460597594364,7.219746613697688,23.468747206995822,2025-11-17T06:48:44.863083
67.78489346589663,15.713709910901379,58.740148977332765,328.70544379694365,6.474143555720288,18.540075493430216,2025-11-17T06:47:44.863083
40.915468074465394,19.908825264044022,68.69812196317028,1769.968152198011,5.6189579813652815,9.636760867493384,2025-11-17T06:46:44.863083
22.659259345221017,30.86062752195609,36.87209642802377,1396.6539654444402,6.215452176994768,4.9729203434306175,2025-11-17T06:45:44.863083
84.90820462599883,10.555737302378676,58.455522672821985,238.9285864312288,6.708982620260823,12.526184444860455,2025-11-17T06:44:44.863083
35.73299771157976,13.96485332575071,54.4651899527409,1410.0732918786189,7.455989521611148,13.268765059703558,2025-11-17T06:43:44.863083
57.18675155518045,16.01849113373958,48.676471659797215,491.41209809424515,6.123238375011528,5.622169505638294,2025-11-17T06:42:44.863083
51.55590291129901,26.880662673721883,91.4215823533978,552.0271647827415,7.10418927540374,20.431481724688073,2025-11-17T06:41:44.863083
54.8193171026442,17.65010957503227,47.06576495130001,270.65549552779987,6.263610566371204,18.615091975084503,2025-11-17T06:40:44.863083
13.80142057656883,16.57885847514492,75.90511240456583,1608.772813081178,6.638296025154821,17.45185846196622,2025-11-17T06:39:44.863083
41.03617349239136,14.797397350723825,55.879717078988925,1243.9420763656572,7.870133204632226,1.718773802216933,2025-11-17T06:38:44.863083
50.59152750759685,19.867593346321733,63.04026012798514,243.15580527775703,6.282563386753953,20.496703688175124,2025-11-17T06:37:44.863083
54.315338708371,23.51747478448352,48.559129661497074,736.4765410244406,6.457753583976461,20.88926774911401,2025-11-17T06:36:44.863083
87.37705654466147,23.159661440511236,55.56793451860452,1723.7913964757531,6.567263301590759,13.80045430739128,2025-11-17T06:35:44.863083
28.475333167899556,32.305076073372256,64.57924068760082,1656.262190432615,7.451831825071674,5.375119206750714,2025-11-17T06:34:44.863083
67.25084404462099,34.00163223854114,52.49697065085568,510.6964032240942,5.50658038894897,11.272591327328705,2025-11-17T06:33:44.863083
38.19461852310732,26.647295014762268,42.22267101827107,1747.3979857996553,6.144388039070274,5.660740127191249,2025-11-17T06:32:44.863083
48.45712451874847,24.965530712328228,43.980539871031034,689.3493081066483,5.924263097888113,17.96150445807917,2025-11-17T06:31:44.863083
71.60712250032655,23.869854923778476,76.41565647452613,1524.683705487402,5.845688819194521,24.154450620863418,2025-11-17T06:30:44.863083
75.68255576771448,16.134503835874703,42.10072732349457,426.19006204324893,5.845946406354796,18.704044975717405,2025-11-17T06:29:44.863083
47.57234055612989,33.48802518219601,78.50656813276336,1288.302884309399,7.215916516446699,0.4588931094785448,2025-11-17T06:28:44.863083
34.94221174440176,29.134665377782305,30.607421976605874,259.35849862866814,7.629719956175958,17.100621542301795,2025-11-17T06:27:44.863083
31.229578649627516,30.63888520356127,81.50968349405211,752.2297095981822,5.590093443747969,23.319478117193363,2025-11-17T06:26:44.863083
37.61438706365044,13.194452898541192,61.97069664055458,1583.242032195441,6.054118286543898,6.737251253334084,2025-11-17T06:25:44.863083
29.417198943886653,39.75019158495034,42.83124269248526,1235.9363905390233,7.813161604142411,3.6724142219444813,2025-11-17T06:24:44.863083
87.66833582941602,38.42431703186874,87.49717915878708,586.201738394004,7.085137640027458,19.022286824031003,2025-11-17T06:23:44.863083
88.88223425571438,15.412714662441113,79.79168346875427,809.8421058688033,5.939066163920006,10.534423530346373,2025-11-17T06:22:44.863083
73.50687297188931,23.945494111121565,64.93900151319815,1991.2869383602183,6.497773248893565,15.385018867730995,2025-11-17T06:21:44.863083
39.21953612922975,21.78356938986115,75.21664897395152,1888.1965569707902,6.8558973762308035,19.209998223719495,2025-11-17T06:20:44.863083
17.136524705357104,16.33474112295781,62.638556659769606,236.0211025317946,6.1321374469063965,12.935032245624154,2025-11-17T06:19:44.863083
11.196895860504057,17.936388586781252,63.41200326593152,1231.6686463662422,7.814379232638263,16.133640581265198,2025-11-17T06:18:44.863083
43.1788642023995,37.910535313992035,81.01739392020663,560.0160580029457,5.82710590337205,16.895290893568323,2025-11-17T06:17:44.863083
54.790653246158705,33.69020841378267,78.02232825511462,1325.380760943527,7.96595542907223,13.339743252760217,2025-11-17T06:16:44.863083
19.04846052013759,34.84820694447965,46.37046855247108,1599.143866659053,7.892767740000128,17.41988784910853,2025-11-17T06:15:44.863083
57.682412875984085,23.811585270251218,53.686641289701214,835.4085517493053,7.090931764273977,18.781827923443647,2025-11-17T06:14:44.863083
64.28136555875315,15.952303035806882,62.10916670932693,1624.9521299295134,6.689260195472641,13.415581993387345,2025-11-17T06:13:44.863083
71.69088385366578,29.837959187952745,56.607419857355524,1811.7428801495942,5.906417671658696,24.88791121475812,2025-11-17T06:12:44.863083
19.508206278098974,10.448499133127168,87.8512285746697,640.916315058721,7.324249068616802,20.275384373301733,2025-11-17T06:11:44.863083
78.71891128256935,39.747827069925,49.112581152599944,1478.4380154690664,5.78849964570207,10.170232283921235,2025-11-17T06:10:44.863083
77.83773546500723,21.02974138177325,68.4211997348149,1106.7921987043414,7.114878827780113,24.322359734692373,2025-11-17T06:09:44.863083
14.45884212011217,27.21884552504889,86.09687065126852,1066.4888811471696,5.696317964853932,14.013483810419272,2025-11-17T06:08:44.863083
36.56591126590563,14.648253560138077,85.18724336342575,1138.8791233840188,7.833191030947667,20.150412615076725,2025-11-17T06:07:44.863083
65.43774350189338,10.150765100959358,57.80852468148625,555.4753069736581,7.7769947776221695,4.364599616909007,2025-11-17T06:06:44.863083
32.88480413274284,25.505103032034974,47.11863523487515,577.756419102418,6.997748312756881,2.2232380688755966,2025-11-17T06:05:44.863083
14.653420697673978,21.167358855582144,76.84318954301105,1198.6521648931064,6.557191171166947,14.14378910561456,2025-11-17T06:04:44.863083
39.23611877226189,38.08439006296339,33.568817909200334,1412.1046622537033,7.728206662069376,20.097117718381334,2025-11-17T06:03:44.863083
24.72328278571574,18.87779046940865,76.6081160159618,351.68700652537797,7.52965424958146,17.972673615119756,2025-11-17T06:02:44.863083
68.3685319388274,13.007241108027742,76.65443541305501,1423.672625395946,7.577306227054626,1.0398989064117377,2025-11-17T06:01:44.863083
11.848853477423376,21.19021299635682,39.671238450194934,1205.0920596263995,7.793372253766872,9.786993258350392,2025-11-17T06:00:44.863083
77.59603018180833,10.007226235535994,40.95345182484697,254.7623713773541,6.320367951287672,22.70473989241257,2025-11-17T05:59:44.863083
17.75616988791902,28.19229330231401,59.34723604276387,1889.2427822584625,5.806297856342734,5.300696262555723,2025-11-17T05:58:44.863083
12.363357488919462,23.018057488941214,48.059138471702525,1765.8306810025776,7.012352032994388,15.352268449392541,2025-11-17T05:57:44.863083
52.55285575050419,12.75551011687603,58.926214442148094,1999.1093414753298,7.5880732271150375,22.336476354177897,2025-11-17T05:56:44.863083
75.85810873971995,13.09125080292948,44.78413651421198,205.61897244153732,6.2587753121952785,2.7151850586623145,2025-11-17T05:55:44.863083
47.82346762412664,30.313824657217058,86.842844177475,1548.5908971636168,7.8464639894462636,1.3474572598447199,2025-11-17T05:54:44.863083
10.974386833323315,29.84014341508638,48.80790666444601,656.3018289903916,6.327217719234485,6.744901447309104,2025-11-17T05:53:44.863083
50.91491250412698,23.204453416723975,63.30785583948266,1410.884500700785,6.467826272427871,6.28269217855392,2025-11-17T05:52:44.863083
23.296042944699636,20.484223585978768,78.21742089100118,1562.0688382006451,7.1672634667105255,5.850704382671864,2025-11-17T05:51:44.863083
57.046899668375815,27.12068984730544,61.47730287713216,1189.9621754909556,6.729476581559171,14.136409151852705,2025-11-17T05:50:44.863083
67.2404763696903,13.288845832103192,78.72567388968653,444.59507022966955,5.666569996025936,24.40199215553669,2025-11-17T05:49:44.863083
86.55934150963532,11.813096348216922,58.811473695872536,535.2408889395945,6.713362242836045,20.754431074989686,2025-11-17T05:48:44.863083
86.04894197943122,29.027579603546123,53.00386836876811,1285.9860181602771,6.280003265271126,22.74559102080151,2025-11-17T05:47:44.863083
79.63203704846696,26.74695250838983,51.11192949972343,728.101416049361,5.583544986762648,20.39552127563238,2025-11-17T05:46:44.863083
46.03065704312064,19.75398785200793,60.622173074854004,1673.7283828183736,5.811535519268803,21.441399706045683,2025-11-17T05:45:44.863083
81.80070680866832,38.40123745101664,55.836719507470804,590.8527272678093,6.434102046166746,8.322802405785081,2025-11-17T05:44:44.863083
24.092313000228806,28.218000103044638,60.980570433060876,1758.2617861832066,5.580273951205146,16.096698188878158,2025-11-17T05:43:44.863083
71.0359102809249,32.78459707564921,87.59480786120913,1512.2607370930893,7.8195251541192405,8.316414995522287,2025-11-17T05:42:44.863083
50.256753340123446,10.42238989848672,30.452243174713928,632.2279168127359,5.752017992847713,6.5052841983938405,2025-11-17T05:41:44.863083
24.163463562271794,10.855600745159448,89.10476951639322,214.80163650000475,7.340205360842713,3.8036971729879134,2025-11-17T05:40:44.863083
82.978369759968,36.78387818769657,72.50357451400173,1410.0214696410892,5.513347854924222,24.62178915284005,2025-11-17T05:39:44.863083
80.22660828606516,36.853186771902756,72.85089490830669,820.6164715781657,7.734121622726202,7.287923203779808,2025-11-17T05:38:44.863083
55.01692346737623,12.991929170316471,89.92711595862876,453.386823988184,6.062242014326018,13.953353953205374,2025-11-17T05:37:44.863083
71.12744001703852,28.58053917808897,45.08870433201015,201.6974765494826,7.392876450768598,24.630183147777345,2025-11-17T05:36:44.863083
74.79304962448724,23.80619854469846,88.74487199094193,937.72581161303,6.812335210608669,11.928244184892081,2025-11-17T05:35:44.863083
45.809909813241994,33.25572307881717,64.23997897251698,770.0908196453889,6.145395419146196,0.9436829241858347,2025-11-17T05:34:44.863083
56.65561295064368,16.898842462031027,39.6287049310649,1376.8939348898198,7.203023144553872,18.803872306441647,2025-11-17T05:33:44.863083
50.28615170708732,36.8216381561166,90.8622789708848,1653.2676916264809,7.088983705020468,7.5930238397797165,2025-11-17T05:32:44.863083
88.6355937296177,18.22408501575815,43.17269992937802,995.877404815849,5.642101426780971,24.46236161679477,2025-11-17T05:31:44.863083
57.07468451331398,26.708562749925257,72.62675819348179,1094.6425659989718,5.580158792736354,15.30778222100992,2025-11-17T05:30:44.863083
67.29391015651444,22.502471818721595,79.22421218462753,608.6023388091571,6.05319147766546,4.035424692189348,2025-11-17T05:29:44.863083
39.75958078313295,35.4103610616725,83.81428403968918,889.0835743343068,6.9727968399505915,18.02040791187289,2025-11-17T05:28:44.863083
29.29654197024184,15.044232576842411,93.18623955880022,1311.6031637773133,7.95353930458416,8.443899678305728,2025-11-17T05:27:44.863083
66.24253599793052,16.67810909623713,46.97801113280434,1121.4238182853233,6.299045313770178,4.190539096014612,2025-11-17T05:26:44.863083
31.03045615914608,11.07245183397594,75.78753539603663,1085.809982754551,5.735607666011314,4.29234982821228,2025-11-17T05:25:44.863083
18.202763049011523,28.377784248276296,36.12367363481209,1557.7081994633888,5.5512772983009775,6.234394699897303,2025-11-17T05:24:44.863083
81.25333407135257,31.55593954366738,34.742941640169704,1678.0269880733235,6.732587803850512,21.16957567922073,2025-11-17T05:23:44.863083
58.05918195603147,30.45499096098576,94.57760142572103,618.2039826632326,7.05986393690347,11.508034751434959,2025-11-17T05:22:44.863083
13.156156233815315,10.43411924508595,37.74985755816081,1368.3651329693867,6.91790771978348,13.835739029093187,2025-11-17T05:21:44.863083
12.548541002260807,24.079089890800212,90.10048315976435,915.6653647591639,7.062306174471141,19.495466890578587,2025-11-17T05:20:44.863083
72.714022331351,25.57840247185814,85.76687645115186,904.4805680547445,7.721733036961996,6.005679159888633,2025-11-17T05:19:44.863083
32.41731255924569,11.593618725970034,81.71281937524839,950.69942521887,6.0727915347784975,5.794756940414492,2025-11-17T05:18:44.863083
82.11199529833866,35.0174980138311,65.97950754821692,1308.999440748298,6.685813926375728,9.791663571970222,2025-11-17T05:17:44.863083
83.23815049746652,13.768381105609063,57.19904133155482,820.2114343781756,6.745376800627871,11.440796863629377,2025-11-17T05:16:44.863083
51.511162532086516,14.197569316809822,63.35419759836301,636.3538649969796,5.960828372470478,1.6208554696547806,2025-11-17T05:15:44.863083
71.01220470049128,22.823257625696797,70.73183941526429,1509.668017948538,7.198291663283884,11.762517977242057,2025-11-17T05:14:44.863083
41.031882316138386,21.27879728921991,71.60317180045367,1090.6298388953721,7.6228306199712765,21.867549608167803,2025-11-17T05:13:44.863083
23.64483024052148,14.08700954637177,70.97606019233996,742.206346512103,5.546426796912747,22.216066734073877,2025-11-17T05:12:44.863083
28.15206137950466,37.87841955057427,76.63323930708648,1572.7762818406718,6.0036537394829015,5.854860640420323,2025-11-17T05:11:44.863083
51.70142030592526,15.162995579495865,49.853060024397095,778.6324603060481,5.89907483313191,5.1295708348790185,2025-11-17T05:10:44.863083
73.08414736066052,15.015875636418052,31.84973046985496,1332.838896732089,7.9399577984811245,8.280345365578034,2025-11-17T05:09:44.863083
19.492456255700183,27.111619761025924,88.913023721217,1611.3112036912619,7.05628967103179,7.876412415189985,2025-11-17T05:08:44.863083
53.3504138620976,12.737345239127661,74.13145257824354,1505.1728340157715,7.912579057274797,6.509933968626791,2025-11-17T05:07:44.863083
11.476513523441811,26.36825393281452,75.94138278579294,1622.7334565893784,5.9843473325620264,6.543821725925591,2025-11-17T05:06:44.863083
51.00727402138371,19.918024299100054,85.93324662818392,1052.7682767296965,7.4989466102550075,14.515494012058843,2025-11-17T05:05:44.863083
71.84721132936896,19.980189595909714,84.04208042547023,694.2301679918388,6.865247020008227,5.350177829346856,2025-11-17T05:04:44.863083
48.04212173009547,19.545256285261097,47.335722991418926,1940.5730324504675,5.900185263716827,19.683145936434883,2025-11-17T05:03:44.863083
88.73319675865719,10.597044512202334,75.43678191273617,655.2412500013168,5.601219560820761,10.07223947391577,2025-11-17T05:02:44.863083
84.81742481367,10.352952831009931,68.21256997543581,1102.5136614715839,7.683460410927619,2.1000428630156414,2025-11-17T05:01:44.863083
64.52208239093203,30.40329095299832,73.49020109604841,1896.2020908830666,7.5577188225172005,1.0493181560876503,2025-11-17T05:00:44.863083
47.68662805636105,21.938591686040006,50.15956937090213,1012.4061052773751,6.460485462314944,10.808347496966633,2025-11-17T04:59:44.863083
88.3409492486914,12.658989242487422,89.94500653951744,1064.426084247848,7.059355613748853,20.754574165442346,2025-11-17T04:58:44.863083
38.837042331940445,22.912657242639007,56.618701218116406,874.5158405643677,7.813823304117237,20.7232472798253,2025-11-17T04:57:44.863083
18.719999189038088,13.243700574312882,57.81151846544442,377.58327811905633,7.0477327381778,3.5922901815433477,2025-11-17T04:56:44.863083
51.78986111734409,10.216598410111533,50.578762646822035,1418.9433026107797,6.710097350569621,24.456737149974703,2025-11-17T04:55:44.863083
79.92830368529687,20.772123371294537,32.956625195697846,1722.127340207034,7.778085775786678,20.51568483547592,2025-11-17T04:54:44.863083
20.23599527358119,39.937454032368635,46.8079744009303,1503.568843055066,7.770087190839304,5.892177858267736,2025-11-17T04:53:44.863083
82.66068437416529,19.284447375846007,93.46685945496364,706.2680366848542,7.883589561894588,1.3386162723168726,2025-11-17T04:52:44.863083
66.74176093358504,25.96333401511011,61.062010012977495,602.289765660512,7.26398947444123,4.770237286157678,2025-11-17T04:51:44.863083
54.22734367878146,17.597360891207522,92.11538968578814,251.5361489041751,5.9993207002780915,6.057765159686193,2025-11-17T04:50:44.863083
43.125426061425316,16.981907256101607,61.93769086747104,1770.4379418653702,7.280158553522927,14.499049513377777,2025-11-17T04:49:44.863083
17.120254238614372,30.819763251678268,40.81692848021109,1615.4612947310563,6.125141896275383,10.426218208022522,2025-11-17T04:48:44.863083
38.03761618543423,35.76441744024571,38.22538981637153,1218.1607882926196,5.855154023607655,17.619895903304666,2025-11-17T04:47:44.863083
82.40625022355849,23.038229616017603,61.72599691722343,1869.361105668972,6.802478471623393,12.189960951239023,2025-11-17T04:46:44.863083
56.266328216344334,30.676892090888558,36.94741938065704,1677.998949934729,6.588762568633149,1.8087127474371383,2025-11-17T04:45:44.863083
72.89461353585705,21.308499150588162,36.52388718117851,1340.802271177851,7.700328383584104,22.193837735349657,2025-11-17T04:44:44.863083
86.61307798471785,36.031163793000644,30.13915975745589,884.4340995441024,7.546356449763758,9.156325149961855,2025-11-17T04:43:44.863083
58.123880510376495,28.18950842123596,53.7266447625235,1828.0530691063177,6.758070863465294,11.61960514843752,2025-11-17T04:42:44.863083
89.80109965295168,24.8050109221785,41.595886375357765,1123.5249611541885,7.535041838799826,19.421508172457035,2025-11-17T04:41:44.863083
73.08654120867769,31.24071351993735,46.524158889334736,1751.7513545124166,7.733608663440663,4.853817415463727,2025-11-17T04:40:44.863083
20.43645092411151,39.26814905767336,86.44105763727391,1807.825064977904,7.715940961560988,13.542170600843209,2025-11-17T04:39:44.863083
61.71213893326397,26.36088556400925,33.32841269737139,1541.9055536349908,6.763330083339701,16.192726869755745,2025-11-17T04:38:44.863083
50.211184398042825,24.754339669673676,41.16629211605485,701.6846872540682,5.89713172985989,4.8916573906335605,2025-11-17T04:37:44.863083
87.83819043362439,14.593403373165952,47.5025775798385,1263.0613839294529,7.025446440591605,3.8493532435957265,2025-11-17T04:36:44.863083
73.497394062817,33.55608603738475,45.42565077325292,719.5993448158288,7.844969663648742,20.64178614948695,2025-11-17T04:35:44.863083
65.8237626450019,12.466996645318016,57.18716525866742,1206.7433697382885,5.968528219959443,11.205664552705613,2025-11-17T04:34:44.863083
58.0820701990952,19.821300403461976,80.76141323178166,1712.80924694985,6.309023673585177,20.966428862311428,2025-11-17T04:33:44.863083
18.2861252882412,35.13187295867969,39.92877805839508,349.2688745175069,7.104438511102528,11.798434143882359,2025-11-17T04:32:44.863083
82.63124803302662,20.895675882725477,48.66489712344587,1101.322831059557,6.6398654644216535,8.610701155429707,2025-11-17T04:31:44.863083
65.49930389586629,32.78685501741725,85.44395798695888,1951.1418884786171,6.166640480331261,17.90233706224904,2025-11-17T04:30:44.863083
41.54065883965962,30.312459158533244,60.93880987269932,1988.7915849822768,7.322255339476875,23.81228251085811,2025-11-17T04:29:44.863083
76.79756395849486,37.08703033490113,82.93724781895386,1026.4864346766403,6.129471133367211,9.258004386263055,2025-11-17T04:28:44.863083
11.618898611196036,25.719795023940016,62.828757017576564,1145.4508366948787,7.93507806243016,22.786350086370984,2025-11-17T04:27:44.863083
22.93702226640864,21.066475646676675,57.55715166511202,848.959252132966,7.496239909009782,13.100941746689672,2025-11-17T04:26:44.863083
55.767985357730005,35.59040676963777,82.38532997199832,437.9807410765394,7.2847864602090855,10.885903222550889,2025-11-17T04:25:44.863083
33.571912245000036,11.50056462706559,61.67122142245431,839.7860253041565,6.128782599191002,17.36679323992394,2025-11-17T04:24:44.863083
71.55883098524697,17.343685570882744,33.21408338415757,1727.754861017423,5.524899353010758,23.4278123480368,2025-11-17T04:23:44.863083
60.20958991861647,19.65539905603961,46.02106412248786,216.21019567605543,6.088678542527193,3.4432075379285276,2025-11-17T04:22:44.863083
58.97329765785165,14.996367657814039,64.36093943988026,1262.2095602200475,6.245104245867286,0.8766237254679676,2025-11-17T04:21:44.863083
12.980310449135688,10.790419965817527,78.0431033638755,772.4174686657367,7.490750464919159,10.79332059607123,2025-11-17T04:20:44.863083
46.23984806639711,25.38647807528721,76.34704466438176,692.3051584934727,5.8039683738338175,13.901433379786537,2025-11-17T04:19:44.863083
36.158209859419145,23.27473941004112,72.05153604192485,1089.426334054287,7.050697042752107,13.605000052840696,2025-11-17T04:18:44.863083
69.18370975488793,31.1780985313486,64.72234296756025,1422.0254375474724,7.683899005681532,10.806782194704216,2025-11-17T04:17:44.863083
43.02104581990349,32.927368625571404,67.86599940772962,327.8122044006594,7.730280039227703,0.7695775559410034,2025-11-17T04:16:44.863083
69.87170849677945,32.76382428112939,91.95222054332548,297.44193512417735,6.992142151961227,10.696014265676324,2025-11-17T04:15:44.863083
36.450636388763364,12.709556808972192,66.5725177786351,1062.2733062143045,5.7613861453775606,15.312237677427085,2025-11-17T04:14:44.863083
69.03624962023508,33.018349031609446,88.84925723705778,937.047335399799,7.882681921555342,21.63573512706715,2025-11-17T04:13:44.863083
33.72012568191512,14.778491120483753,58.30031074832087,923.4176743207399,6.939298263328011,14.5846558081937,2025-11-17T04:12:44.863083
69.99895875039802,25.296698446168307,36.81347166114976,1744.924403995591,6.274411457962968,24.2824365076648,2025-11-17T04:11:44.863083
19.428808694381612,38.7475351669751,35.915767447363606,615.865048304707,5.616449855216354,17.627828665974874,2025-11-17T04:10:44.863083
78.02389892574334,23.02213245447941,90.35393487775792,1262.5383291600792,7.075017838616308,21.135480042519248,2025-11-17T04:09:44.863083
33.74401640414711,20.627971639828772,88.88687474765189,1821.734292869775,7.941206940502177,22.54595791104178,2025-11-17T04:08:44.863083
20.189762882668873,34.71172858410962,56.63950107712361,1983.4424407026881,6.680702410822002,13.845902062555515,2025-11-17T04:07:44.863083
52.38199322054388,19.652110895748333,34.87643577803968,1812.1722147234534,7.5066895313157165,3.488169513991732,2025-11-17T04:06:44.863083
72.14146170800583,28.7753999815183,56.59434621464545,657.2380683720129,7.649321958755581,17.504706482351327,2025-11-17T04:05:44.863083
53.81919275753095,28.287056016953922,35.91930183534176,1053.0555696401454,5.984250731964255,5.2095919752206346,2025-11-17T04:04:44.863083
62.90431698294934,37.337684555028645,56.244179681092525,573.9486914219426,7.121867343091635,21.779676158757944,2025-11-17T04:03:44.863083
69.86550408979926,36.062716916097614,64.87605361570195,1553.3772398645435,5.850161398397341,8.706865384079787,2025-11-17T04:02:44.863083
41.16393315852179,25.338872387381038,90.38996341669355,1773.7338083999136,5.836313730722962,4.31974129706158,2025-11-17T04:01:44.863083
38.611243967112905,18.722315976720218,69.96011195515705,1824.996885976181,7.905728854181467,16.340073813380663,2025-11-17T04:00:44.863083
77.05273611208693,25.756066006923913,43.54125154590258,1144.4391417682593,6.887706503594128,18.561439105338913,2025-11-17T03:59:44.863083
27.590639176587928,21.049311462601953,53.66178549894681,1926.9912723340967,6.609862400816797,18.877349182453663,2025-11-17T03:58:44.863083
70.06491050995513,17.96632554409724,67.17152980916259,1809.7452079735665,6.687994298642374,23.62793768356365,2025-11-17T03:57:44.863083
27.156658345932925,12.224773173220921,87.9445017544087,1725.82615633199,7.981474689834612,16.984837202810652,2025-11-17T03:56:44.863083
84.93503413337196,34.80847075252332,84.88771165280565,1224.454826817683,6.455911494791777,23.363951813582045,2025-11-17T03:55:44.863083
44.56937404927156,26.16458101749007,58.99742996313721,1216.672965128355,6.6762626974808175,1.199188964486897,2025-11-17T03:54:44.863083
80.56385488061589,23.331814567473096,68.28133715297767,450.5380449643767,5.508469619956598,6.132252341091074,2025-11-17T03:53:44.863083
66.36688257066803,12.975835903386358,89.07768362512041,587.0406248411323,6.011484035729439,4.537699040537388,2025-11-17T03:52:44.863083
11.11853703770918,33.154164054347035,86.8772445309418,1305.492864709158,5.9704999541996555,7.131949923521994,2025-11-17T03:51:44.863083
48.074135789197065,38.63037854869903,46.07783916815328,1516.9626270557985,6.598620558232301,7.446183709000545,2025-11-17T03:50:44.863083
46.4732749617691,12.136201526236976,81.91467911047356,637.9434703693408,7.313530307982426,1.708709286204868,2025-11-17T03:49:44.863083
86.40788449325488,15.79044956217096,87.37823495346024,1657.051777307782,7.9196498102035395,11.94726652364374,2025-11-17T03:48:44.863083
68.19178350767612,21.121319711133523,41.9839354712801,997.5366792802079,5.914372538471137,24.551115569659597,2025-11-17T03:47:44.863083
17.69971929125731,27.67635170357861,70.72015059151363,1168.5431771732976,7.155464714279584,2.9045193752972738,2025-11-17T03:46:44.863083
54.40148193642329,18.616377133820848,91.11144411456868,1571.7289761915063,7.931286205399356,0.9389017435047387,2025-11-17T03:45:44.863083
32.810654014456695,15.86267759915047,30.72504817526898,636.1863144433786,7.196939958801073,5.777223053364214,2025-11-17T03:44:44.863083
50.72027563860946,36.634543448949955,75.0942648226899,910.3323258308576,6.43117234728027,11.393395350212119,2025-11-17T03:43:44.863083
24.16331528479251,29.02002302247964,53.669933241799356,1734.2576286716785,7.391381650144541,15.262829102304002,2025-11-17T03:42:44.863083
39.13617781196129,16.29795495020453,80.44987116686548,1075.5363781839558,6.061875095443394,4.879365376000155,2025-11-17T03:41:44.863083
23.232072360108724,33.31483588616785,44.88416704452026,1147.9560743453555,6.628865902432641,14.490272480707098,2025-11-17T03:40:44.863083
80.17239202969554,36.03242170245192,59.319944668615875,227.65925132250194,6.566109514285758,15.15483843560351,2025-11-17T03:39:44.863083
54.621180727844944,29.540083174006167,40.014922610750425,1363.7631778053187,5.9566290468594305,18.763099517418723,2025-11-17T03:38:44.863083
37.1270090610144,31.296863001443608,33.11126392889696,934.1480460636441,7.262586305658331,5.671762908287353,2025-11-17T03:37:44.863083
73.6229635837778,28.92339199314796,68.19151518973689,836.3879375678068,6.706128675952794,14.933732524446327,2025-11-17T03:36:44.863083
47.79696911319124,30.949399718216803,58.19030065195237,564.0917271356547,6.034834457002618,0.14509422107352732,2025-11-17T03:35:44.863083
34.07661724469379,32.46752921435559,81.62057607444461,564.44157577235,7.89760999217852,12.560069837003168,2025-11-17T03:34:44.863083
83.35829992148021,31.202958455848933,76.95817249645685,353.078518350928,6.049977817242326,0.22037083236181587,2025-11-17T03:33:44.863083
67.290211238139,20.3331486528553,81.13241354496253,810.0851958866473,7.548334380747153,3.267456343707825,2025-11-17T03:32:44.863083
23.869852540600654,20.226296187518095,56.55168027734777,827.6650595173611,7.40911758130805,2.423784815667868,2025-11-17T03:31:44.863083
38.09736157107905,35.117199985463785,34.34181002204118,1896.2183138084433,7.965792105680032,2.214204345627002,2025-11-17T03:30:44.863083
33.30180178045896,21.172019981060686,80.46543896242719,1272.6682618101208,7.110914251231419,18.93774557046265,2025-11-17T03:29:44.863083
19.438319954962058,34.99628370730787,75.86528727170936,1239.2151053534665,7.724338336957642,17.50765884709518,2025-11-17T03:28:44.863083
26.135997010482033,22.89236143227,62.11278635082267,299.39172815073016,7.886593783400139,3.2144315199219617,2025-11-17T03:27:44.863083
65.79690137813814,25.186931082726403,31.66609624248747,1864.545456555851,7.629592022047333,13.106448197595888,2025-11-17T03:26:44.863083
28.31538689115562,13.648686720402827,53.620511163088224,659.7709058829629,6.766728002515746,24.160232403085725,2025-11-17T03:25:44.863083
55.99627945837131,36.697931676702936,72.30712443722553,1055.4437478569607,7.6365189068334285,11.784202754324937,2025-11-17T03:24:44.863083
79.49025364082888,18.74730308727296,38.37284979459423,1739.5660358532891,6.968537909481666,22.227309956224005,2025-11-17T03:23:44.863083
85.02617655939065,11.608851711143476,62.56300462082644,874.9361883341527,7.064645992675293,19.83977993005809,2025-11-17T03:22:44.863083
32.44721727794952,26.70395153119515,76.06735769381848,441.9759491043212,7.535167264878167,15.152739996324327,2025-11-17T03:21:44.863083
85.96299496909214,20.1858675739208,37.029486251917916,1111.7021618664655,5.714526929273597,24.23816308310017,2025-11-17T03:20:44.863083
13.094796660575323,32.605117033219244,64.13165587924587,863.5171744969197,5.664605411271637,15.554173104340194,2025-11-17T03:19:44.863083
56.81762635127642,18.426498192027992,89.16441059167029,747.3980132171064,6.6243135264802655,13.594061397966392,2025-11-17T03:18:44.863083
18.018550254102887,37.964851576408975,54.344849909317674,345.40258497381853,6.468227934188325,15.005063677314517,2025-11-17T03:17:44.863083
51.09221374570637,30.83625922111822,33.60645623441419,712.173098489701,7.548076442100255,1.9973421947840215,2025-11-17T03:16:44.863083
78.4388763756766,12.756882762313188,84.23952396796025,849.419121941708,7.03052265814304,3.822177891199954,2025-11-17T03:15:44.863083
15.293497738014468,16.478146120604052,38.31049816406521,762.3306158233372,6.78595811627755,14.718986589125238,2025-11-17T03:14:44.863083
73.18944859037943,29.68719679745076,69.56929113342093,941.2076494743943,6.684521087400347,10.363020734754528,2025-11-17T03:13:44.863083
77.37328240491065,16.900013576451997,30.3718605502277,1372.3758150072308,6.006155459097078,22.252878407745232,2025-11-17T03:12:44.863083
78.72370637653249,12.301821157846177,36.91524635191503,1091.3088660439994,7.023056656923387,6.872708437056019,2025-11-17T03:11:44.863083
67.34381733594965,27.847480627566146,51.113567133656055,245.66867847616805,7.375375703246294,5.368841645627068,2025-11-17T03:10:44.863083
76.75789947701027,22.608707801627656,67.51003377106476,1771.3077147362035,7.659057502299883,9.287989381089332,2025-11-17T03:09:44.863083
26.71111141718745,33.25438233185784,58.150213234138526,545.6755884062073,7.761063355792876,4.952604856027184,2025-11-17T03:08:44.863083
12.064573455298486,10.608399213022599,70.45049816952718,1391.0151092915546,6.27760426264246,8.000274731176585,2025-11-17T03:07:44.863083
37.15951320479542,30.40475640276636,33.778696416743855,1872.4094348443862,6.056302610443616,24.991830131052307,2025-11-17T03:06:44.863083
23.72181550297496,33.146393719371325,44.521815420425625,345.52424295785715,7.687333310876622,21.468781479772296,2025-11-17T03:05:44.863083
42.28563139596811,31.071884276212806,66.20928562445462,1735.3210046127479,6.287639923296636,13.091809999974629,2025-11-17T03:04:44.863083
48.82978969636404,20.617174787705764,87.9445791961642,498.5802643925639,5.87377159880174,14.422738383068785,2025-11-17T03:03:44.863083
62.59953839879536,15.838577629736955,55.39663374655056,1903.8149173617387,6.116543556726685,16.709017552934853,2025-11-17T03:02:44.863083
69.21195149580726,23.443860983954785,90.9391891393729,1525.9821233938228,6.644811449652245,14.233380044402349,2025-11-17T03:01:44.863083
65.40907547400806,27.765705412876546,87.11534294869493,842.3995921047222,6.249714350139512,5.345972237381607,2025-11-17T03:00:44.863083
13.02263744516761,11.29041893140166,86.55358755210338,1421.107663530633,7.151331038591215,15.366070473372151,2025-11-17T02:59:44.863083
77.9375315755284,24.408007769968826,86.57670385628953,847.0010471280305,7.816768760847726,17.466424502031003,2025-11-17T02:58:44.863083
30.57417088195418,26.922547650658753,64.64698649673662,448.21787911460115,6.978107264376535,7.869640592923949,2025-11-17T02:57:44.863083
14.187901344768195,38.459684731196944,71.6968739891787,1778.4540773675246,7.190140012533133,8.924592303502823,2025-11-17T02:56:44.863083
51.01504578630491,30.27240281041531,92.41640113809345,656.6050264190537,7.687442646560294,23.101945132356736,2025-11-17T02:55:44.863083
63.633241172716524,37.937998822040136,55.86210818602895,1915.429116872797,7.256957192914937,1.0501441854702975,2025-11-17T02:54:44.863083
82.54982654552423,24.534184270995777,59.92125401055914,1219.6398907633416,5.87346136692807,11.729151214184967,2025-11-17T02:53:44.863083
76.49017733741965,10.46447377412546,47.73961542108414,204.4182555989196,6.539278272874621,18.20788776234337,2025-11-17T02:52:44.863083
73.90174632917028,38.355692833810195,69.55279984310113,658.3283599752119,7.810369872841747,19.382893847009402,2025-11-17T02:51:44.863083
55.95427864025156,30.86920647156808,90.0805630754829,1482.309251251259,6.420936268961835,17.825705057227417,2025-11-17T02:50:44.863083
13.22225301883103,21.592466854917436,56.410997069962654,500.3088219575024,5.557713701379425,3.3345309159435703,2025-11-17T02:49:44.863083
62.36971966376441,34.06866449091063,94.23322702725332,823.4543055952897,6.998448055652754,23.428624170378047,2025-11-17T02:48:44.863083
23.36334250705221,31.52936759028228,79.07361765469561,360.1559645648091,7.653123462957662,20.327626177771098,2025-11-17T02:47:44.863083
12.672240526194756,12.732532446401544,33.1932481029704,802.538357238852,6.773222476699815,13.30869319886572,2025-11-17T02:46:44.863083
31.413340781555412,37.34790659680823,53.93708134167436,281.9902807376345,6.2505677788534655,13.277735563603887,2025-11-17T02:45:44.863083
42.65774580705856,18.215275572977774,38.53601123468063,1674.4961001732136,7.99036310531048,8.238553338097052,2025-11-17T02:44:44.863083
40.52968353412831,28.54112574030871,76.69869585781018,905.6531626464642,7.762323792454538,14.000099730722958,2025-11-17T02:43:44.863083
46.03120611247448,29.400182594797155,91.93225013619626,1630.1941299590699,5.600032826337811,8.307747768498992,2025-11-17T02:42:44.863083
47.643574796097816,19.435527166273157,75.51219145397968,1687.284469752646,7.328362737963179,24.73333217070688,2025-11-17T02:41:44.863083
31.803811831442328,36.24968485073265,79.8304732363416,851.9217636046629,7.3353113591424215,2.601898910456174,2025-11-17T02:40:44.863083
73.1466785872442,25.96991807761308,48.998861226101454,1380.3991432115242,7.1040499967860224,5.237155567989992,2025-11-17T02:39:44.863083
12.43179318492209,23.008677607050217,67.01827150738738,1777.8895010670772,7.820541989118986,13.22013045391916,2025-11-17T02:38:44.863083
70.30427870148358,23.179098169839907,78.49534017723805,568.6427448905005,6.427661837008829,15.85569997034037,2025-11-17T02:37:44.863083
11.452637248566306,31.67383931016862,84.30980758243084,918.4549899691126,6.619856042942911,21.282055305413277,2025-11-17T02:36:44.863083
72.05237082608267,18.64448467100125,51.05844692650003,1421.9808183030739,6.9079952311204025,4.055739277412424,2025-11-17T02:35:44.863083
34.794392738333315,36.99949830635963,74.73133838694713,1974.753771833935,7.4175313249519235,23.549360803589757,2025-11-17T02:34:44.863083
27.295085909638033,33.14454624450777,31.31413880960683,1407.368039080761,6.673205695300603,8.669001798001716,2025-11-17T02:33:44.863083
78.99234818344712,35.62803077972592,31.449610818411834,1297.1092204089757,6.419580560802391,10.39152503751123,2025-11-17T02:32:44.863083
76.56325913750207,19.295193145830346,91.2981726914453,523.3408874698534,7.156806058420445,16.80262667534412,2025-11-17T02:31:44.863083
30.175612914233454,19.74251826901606,84.26190201769613,1571.2494589189143,6.322739700786899,13.348913673373348,2025-11-17T02:30:44.863083
14.934423700247637,16.262376471958877,61.578336325925946,354.75272350258086,7.608330887229844,17.950155252691196,2025-11-17T02:29:44.863083
85.49069365187958,30.804007178920816,91.12608919704206,1198.122600243737,7.000546527654923,24.42427636565652,2025-11-17T02:28:44.863083
61.37033174914083,10.923597065822397,77.04718048098401,1829.8436458473482,7.488950624485817,14.595831815635565,2025-11-17T02:27:44.863083
63.7042810474813,39.70575367755015,35.89303575310699,1401.0406915398312,6.208494236426485,16.002259914654253,2025-11-17T02:26:44.863083
58.609886070715106,14.603704963244862,43.438531973115545,1318.9332404777842,5.820574868259436,6.629521878258071,2025-11-17T02:25:44.863083
76.8196438190402,19.81274518004916,61.72391015752809,1894.0526032625125,6.067872722092366,9.74065043395026,2025-11-17T02:24:44.863083
58.51662204348365,32.660167885119165,88.60747013632583,1847.8513776323273,7.4416001859315575,5.708270914832761,2025-11-17T02:23:44.863083
11.984746403405264,21.513217910668715,39.20067531420852,1478.6977653889364,7.152826467064292,1.099291040536371,2025-11-17T02:22:44.863083
76.92750233047609,17.462297988735468,58.094759906917744,1402.2807238203363,6.573546967130634,11.032195069998584,2025-11-17T02:21:44.863083
15.25023962685923,22.043306477800115,79.71511305929893,1847.3174069358759,6.533742842658429,10.589645671976971,2025-11-17T02:20:44.863083
66.21016850589217,38.283160033158296,47.358961115558415,992.2595717682863,7.489933108880753,15.242339234350963,2025-11-17T02:19:44.863083
18.846907517116378,28.831982066867972,42.13850849882625,1118.3886813411275,6.822758169151096,21.90508405562462,2025-11-17T02:18:44.863083
46.99954192099505,18.383272667076827,45.01281263404205,1773.653378031805,5.927527136045571,10.646714022078593,2025-11-17T02:17:44.863083
24.97384919415576,33.19912120343126,60.83422159835023,832.0586430022616,6.402749101566167,21.305355168074485,2025-11-17T02:16:44.863083
54.30191634355505,31.53603553393791,88.30750355629449,1823.1350168731556,6.321272635844657,23.81128157865963,2025-11-17T02:15:44.863083
11.990070561168436,21.305066830484968,88.2269257380747,694.3463836705693,6.1827036258032955,7.565557127047217,2025-11-17T02:14:44.863083
58.98507078775378,23.149983268430613,77.23776436296727,1810.8391566163984,7.185498437357151,5.1116680049393874,2025-11-17T02:13:44.863083
84.61455218884018,17.934786200424355,39.74312919633028,361.9411019497296,6.908459351665414,2.8440615620162952,2025-11-17T02:12:44.863083
21.10207072901046,19.000914417864898,48.30744562949015,1287.6311185978561,7.541863198681703,19.03374140507231,2025-11-17T02:11:44.863083
30.998756377318138,17.3593149395794,92.77644945695289,214.82523486552822,7.699301332650539,4.993212978060124,2025-11-17T02:10:44.863083
85.78274584718143,20.26921854482559,58.6228653030614,1472.8171050998858,6.96917262868315,7.94848324267057,2025-11-17T02:09:44.863083
54.30647326942588,31.921206530886586,32.75177148366198,220.15874946026742,6.645167347682229,3.2959154450878545,2025-11-17T02:08:44.863083
63.14754331717715,16.421573686823024,58.135321941718615,555.8076863736842,6.871208964372811,2.9013364846142227,2025-11-17T02:07:44.863083
11.84854822299842,11.533949143200916,92.02679869849514,456.1151934996845,7.271195632842089,1.698155105570656,2025-11-17T02:06:44.863083
18.652828178814573,25.26628754228004,60.21661046003234,1912.8445569917653,7.862088632551844,19.490216063561626,2025-11-17T02:05:44.863083
58.16814641018798,23.64880952179033,53.15160473134737,1904.7575845559998,7.007272028561713,14.476813192149862,2025-11-17T02:04:44.863083
28.55208974151319,11.400934536553391,91.4372576843704,764.7234659203771,6.606472558311147,2.865998589642671,2025-11-17T02:03:44.863083
76.95394639274336,10.82895498567792,84.20939953644128,452.5130230183402,7.716410281577881,18.244315933403936,2025-11-17T02:02:44.863083
23.173621000584408,26.974539785784042,50.32266043308927,520.8195780408503,7.647955498527772,10.088069162680736,2025-11-17T02:01:44.863083
41.8834971492306,15.096600244198601,54.89926894557561,1768.9103233919302,6.40782177622409,23.7900890624947,2025-11-17T02:00:44.863083
85.704711936671,14.34695977922038,41.52523147897192,1752.8133265974004,6.481902297311798,0.10934955707523342,2025-11-17T01:59:44.863083
31.90974557642968,27.9288697958668,81.95228778739792,440.0995107678672,5.776353411041838,23.05231633930829,2025-11-17T01:58:44.863083
70.0918694258066,27.693388023342354,79.99714134973533,971.9378503519492,7.3961393682728165,9.295074781863393,2025-11-17T01:57:44.863083
29.527565799408187,31.87040263878906,57.27869899022244,1966.4787877871506,6.3737129557702525,23.043185513276647,2025-11-17T01:56:44.863083
84.63700388536635,17.255588411942384,81.88437680322087,979.5341092602173,7.79381181807587,11.25310681588097,2025-11-17T01:55:44.863083
69.54429738698929,24.009022274913935,44.80704912133565,558.8302321004353,6.563577985640864,18.887366425355374,2025-11-17T01:54:44.863083
58.405718814461345,30.6588786970163,48.35121279757626,1066.58362272369,5.610988162423317,20.438310398953018,2025-11-17T01:53:44.863083
89.19137297918996,22.20637187874013,30.712637453550318,505.62675119170524,7.131317194376047,15.301982955096479,2025-11-17T01:52:44.863083
73.02917756684352,17.616520328832046,79.63607451056372,1438.3712387426056,6.307036244284609,13.637203701424049,2025-11-17T01:51:44.863083
21.781904679866138,23.576935103067477,87.27782707111666,958.1444836857034,7.598916766188555,14.75633413149236,2025-11-17T01:50:44.863083
25.350137048188543,27.433187340936893,62.88891639520912,917.5544033534912,5.7990760987901755,10.417716596180746,2025-11-17T01:49:44.863083
15.820990099170169,12.963071541962538,57.034574640626545,749.6866675432346,7.813860814655559,9.392645134506763,2025-11-17T01:48:44.863083
70.62864976576802,25.907425790987283,75.7655684617518,668.2087694277185,7.854762432095823,13.252212422860598,2025-11-17T01:47:44.863083
76.50592570281998,20.951370804283407,36.513737688284095,1412.6809658975278,5.519399120843561,11.882324414137708,2025-11-17T01:46:44.863083
25.424152213316738,28.821265133060866,93.66229175396039,1035.9252313771626,7.543745641314167,12.694604673778025,2025-11-17T01:45:44.863083
49.66720248832193,37.91270479536334,87.8477814685343,1614.440837338354,6.24063938329196,13.625210393098513,2025-11-17T01:44:44.863083
27.9117786644548,23.317500941396194,61.47384927438639,1696.9520723047956,7.740070913312483,10.365501559911946,2025-11-17T01:43:44.863083
11.416355605858977,35.85321519368064,41.328114102588444,1319.3875350027083,5.562427251085328,9.987661881514107,2025-11-17T01:42:44.863083
88.87682416922799,13.020808033114093,57.54005487997675,752.8699103419139,7.76272030847066,21.73350269768388,2025-11-17T01:41:44.863083
29.015900824498306,12.435633611512936,70.76399561397264,805.4636813906776,7.180210976515157,0.8029939016953619,2025-11-17T01:40:44.863083
20.67193881419915,30.5911669831793,43.80409259466236,1743.657816372323,5.646477219275338,5.387049569639365,2025-11-17T01:39:44.863083
89.88481987880549,22.99228307760378,75.69276813040183,528.7934879426246,7.024671837463845,18.152651709235464,2025-11-17T01:38:44.863083
35.15813086932084,34.86691335927634,69.22214260069842,900.4214173070544,6.894105983357896,14.419021185898107,2025-11-17T01:37:44.863083
23.24282341550928,22.081971096008985,52.32298822126705,921.624900642427,7.402776471213144,12.063460186666816,2025-11-17T01:36:44.863083
85.22529225914114,18.810292400753085,57.02073258852039,1616.5222588622746,6.865061483301876,13.675703660611195,2025-11-17T01:35:44.863083
14.267213040414681,21.957989881553672,47.59769260741261,1998.8032210960077,6.2708876765807755,22.112413369846585,2025-11-17T01:34:44.863083
64.0986988032382,20.227492275762714,65.32973459431804,1712.9645839085488,7.70842074507728,4.00984687515363,2025-11-17T01:33:44.863083
37.16585129665357,20.05669540640715,32.7329117449364,1276.8279677334137,7.63705013248047,9.539359695637945,2025-11-17T01:32:44.863083
69.20287559873415,28.831012408022197,54.417167807045054,453.90763908613474,7.273309631939918,21.364129223531013,2025-11-17T01:31:44.863083
64.86835939211934,10.536354521044542,44.05513813541443,325.0639727903574,6.925965248940567,18.91194197101031,2025-11-17T01:30:44.863083
18.846334965492755,35.150134617801555,66.1080835957064,1441.9442218551048,7.928504621521616,2.092024706192433,2025-11-17T01:29:44.863083
82.09792183822314,13.783080879622279,55.54232243138435,1732.5896533960058,7.765635591844671,12.659291838628633,2025-11-17T01:28:44.863083
57.52837106203401,31.244420037956715,84.12931344942642,418.7201051677991,7.5251732705730685,12.031903762790419,2025-11-17T01:27:44.863083
46.04987400865352,22.716992559909947,63.09875304099277,1901.0909961102864,6.870509431980379,23.82943845657848,2025-11-17T01:26:44.863083
24.423210449251247,31.724079364978994,82.79557000956856,1422.4318964027514,7.017305700566351,14.120319527154557,2025-11-17T01:25:44.863083
78.87443860629568,34.649397914935,37.94876687673897,1727.4577826555806,6.535171548601106,6.342420749895269,2025-11-17T01:24:44.863083
79.58148544111407,22.96074398901225,82.54370486149308,674.1265015205202,5.509823303555544,12.386479822573609,2025-11-17T01:23:44.863083
18.01826053143074,32.63127866574729,47.94488384451167,998.5621638862617,5.717583912728886,7.166481211181316,2025-11-17T01:22:44.863083
72.51921946068576,14.547637357069583,72.06537147325223,1851.3665350481022,7.199591899394301,20.27554223230567,2025-11-17T01:21:44.863083
18.717730344313264,17.521954780061634,88.14502539563841,1487.1901045125605,7.098884565943278,16.5941684030425,2025-11-17T01:20:44.863083
43.13604434437147,11.336698948529596,80.98870023459739,1421.683825187637,6.682011160281812,22.493990384206437,2025-11-17T01:19:44.863083
36.89277319880791,18.82965232693708,86.73176113016379,1634.577778566174,6.787449526620862,3.268368486446249,2025-11-17T01:18:44.863083
27.205717717204195,29.6868397122642,55.02768045962676,1705.6517449987482,7.874887523330511,20.140923131872956,2025-11-17T01:17:44.863083
40.203633839644574,33.66059287694272,52.84370877559442,500.780157978141,5.583483012164644,9.6429178190255,2025-11-17T01:16:44.863083
82.28474429578255,17.169597632670296,43.423355720435964,1945.6774134338725,5.56251028212648,19.64455375984386,2025-11-17T01:15:44.863083
35.709596459269626,11.12463870608978,89.65716511362294,451.3561943772505,6.879448209314239,6.8513551857386945,2025-11-17T01:14:44.863083
15.215424174775283,11.497674569901372,37.51118542436202,328.4606250008841,7.401395288799807,12.139155057085729,2025-11-17T01:13:44.863083
37.43136730791838,22.551067303960217,90.38153781222051,1839.353262928665,7.289191200306442,22.117059435542195,2025-11-17T01:12:44.863083
35.57184220700998,21.433279780248483,69.89129182052483,1322.5267051350754,6.704249595030852,10.016446210948832,2025-11-17T01:11:44.863083
88.89442492869561,34.63370878353173,58.27371286272294,1509.1264590312232,6.1739042331311484,2.504233155933247,2025-11-17T01:10:44.863083
38.19448204421925,22.089184003701824,31.074913096443602,1666.6256029446129,6.397983505972954,14.510454144503676,2025-11-17T01:09:44.863083
15.917054981676477,15.24990486251752,87.8300921462914,1295.6375501890413,7.875710125426214,24.968750859782922,2025-11-17T01:08:44.863083
39.74880922664755,18.964091922498238,85.79314358534128,1997.5005686674176,7.074103085581143,19.878518062788057,2025-11-17T01:07:44.863083
72.53966870522196,20.660191246586407,67.32757471671067,1699.5024942755845,7.220284690652639,0.5290953495509565,2025-11-17T01:06:44.863083
36.93645351180268,14.33427089783816,45.14319378507254,1829.8810594843862,5.592233222276921,5.495017799048093,2025-11-17T01:05:44.863083
34.76554817905851,28.506522158991846,64.71660985558125,592.8850691360949,5.910602668057886,5.919950864902971,2025-11-17T01:04:44.863083
50.202370136132444,18.135333571336105,91.59416260450195,1034.9573985719258,5.646990041361593,18.231660145915836,2025-11-17T01:03:44.863083
36.307623056719166,29.604667961747428,48.173634084010075,1227.3387351199758,7.430381262018662,23.20021854436385,2025-11-17T01:02:44.863083
30.890171554646166,20.045708529969435,60.17731731858608,1868.91470792478,7.7534671420266426,2.2469570025159507,2025-11-17T01:01:44.863083
20.554386060304868,24.86527531991915,36.93025273235253,822.0455720276555,5.870963445543694,15.901008878297146,2025-11-17T01:00:44.863083
85.95963453913294,39.90201310883144,54.390673612299466,1278.2227468063022,7.640669133810203,2.9365518199095995,2025-11-17T00:59:44.863083
65.1651528841572,22.265309851752047,43.399500418210664,924.9565137453956,5.689900717412292,17.385178714732643,2025-11-17T00:58:44.863083
30.219413499876246,19.342169351346342,37.87028438569508,1756.386405001805,6.733610698206847,14.303671944660007,2025-11-17T00:57:44.863083
55.554614647588366,22.31479343624025,42.51444450347907,1541.23894729712,5.817640663394186,2.5968447569702624,2025-11-17T00:56:44.863083
66.81160300772027,16.265110613559514,49.9402288379341,1055.4094406031325,6.623378291823865,17.71447812662498,2025-11-17T00:55:44.863083
59.874543475468876,29.331884868455973,76.41353149260473,726.7029093622376,6.305833279501184,10.949943697388854,2025-11-17T00:54:44.863083
34.59697384268209,39.5481360691259,82.91337521739293,496.37843886085324,5.513985389704674,1.0695817061816966,2025-11-17T00:53:44.863083
29.525076083434023,13.428738575105697,64.6669774680172,1744.3914009092455,7.341875552283069,5.390226577054761,2025-11-17T00:52:44.863083
41.94394048206287,25.236826285938328,82.6633802177168,1710.4188855910966,7.7742957797694405,12.731131262571878,2025-11-17T00:51:44.863083
65.54197971486903,13.354011137018116,66.74378239700883,647.6452570480433,6.579292212566528,15.851262707667985,2025-11-17T00:50:44.863083
30.558875028302488,11.565551733902833,30.665200666569238,239.88716398013878,5.520874343784424,2.758876413946887,2025-11-17T00:49:44.863083
29.15909716561039,16.636645425468977,94.14177862169329,750.8109893760978,5.818551958398498,13.639063604193948,2025-11-17T00:48:44.863083
78.63659643180067,30.341811303630255,49.24533579380427,1210.909087624619,7.287139935501023,18.202612309193558,2025-11-17T00:47:44.863083
63.32307642381511,36.12431274326854,86.55685479236678,1242.085806932606,6.5746409227780305,16.039257389127496,2025-11-17T00:46:44.863083
75.45696010963705,10.169563145235541,94.47980558596532,529.2087901925586,6.67562246414994,21.80074337107167,2025-11-17T00:45:44.863083
28.00323192353595,24.303856717011495,38.61784171177665,911.1373856987467,5.942838636982506,9.090693719278924,2025-11-17T00:44:44.863083
39.87713734341776,39.79512368794998,94.6628469047452,406.6153015891024,7.314921948320868,1.2936369917275288,2025-11-17T00:43:44.863083
12.41536122697509,13.16001682734893,92.7565677055157,1893.5543862104553,5.984819550701701,4.041808388842788,2025-11-17T00:42:44.863083
29.24280692127576,25.466409822254263,67.03080108230165,598.8681747910052,7.391556970224864,7.7388292350662695,2025-11-17T00:41:44.863083
83.77050604235282,29.70168119370192,58.36282762973476,1621.8416030651217,7.544786565116662,7.262040140223592,2025-11-17T00:40:44.863083
37.17716350688675,38.0786546118581,40.70816749361268,275.8707505332816,6.6351383065238725,20.030247506090724,2025-11-17T00:39:44.863083
71.73344850485967,37.585918867384976,64.65804318398762,380.11640881975995,6.97172243584004,19.45989035883029,2025-11-17T00:38:44.863083
17.466249621586112,15.179722032927693,30.79889297511861,1268.5746430042586,7.716835979864761,16.766582900052487,2025-11-17T00:37:44.863083
88.56320700727856,11.891009574992847,88.69507053484725,1665.3229172960253,6.2856038012487625,24.338163795931294,2025-11-17T00:36:44.863083
33.0350198537132,36.67914171484655,87.24865750982231,1563.7837098853504,6.90867618453213,3.0000687404222015,2025-11-17T00:35:44.863083
52.55773875971986,20.703887669648037,81.49410715509786,1564.6325716943209,7.776531268431513,0.3707540607926968,2025-11-17T00:34:44.863083
74.72825734584369,38.15386159374006,81.30452919202975,434.3500277666601,5.703197762102219,0.5211309951925203,2025-11-17T00:33:44.863083
60.299618066245685,28.890179555796617,94.1493914241838,916.4777133873723,6.329765712243741,15.610623179609812,2025-11-17T00:32:44.863083
76.04869380060751,38.10321848569006,82.20307080163751,968.0131651084486,7.08728558828016,21.407483167902924,2025-11-17T00:31:44.863083
49.24877506493915,16.500599311161782,41.032023583611746,200.28394024050212,7.29559498745321,2.7774302211497623,2025-11-17T00:30:44.863083
29.507127975675232,18.9362899456838,66.42469090888994,916.3230991323846,7.186684980057905,1.3909664832175679,2025-11-17T00:29:44.863083
19.915135541155156,24.976345105998,51.90271121004394,732.4640529524474,5.667570197593807,22.392979368700036,2025-11-17T00:28:44.863083
65.34548689000405,13.648544704589481,34.22798725291414,1954.7705601762375,7.202931376098762,10.436401777343537,2025-11-17T00:27:44.863083
66.13848326046279,32.68995359440477,80.69754315527067,1060.1791501755038,6.57470689531212,0.2757021067225085,2025-11-17T00:26:44.863083
84.12456921134704,28.099236351668292,43.205005917347926,1855.286154958586,7.787329754425741,24.729604109152397,2025-11-17T00:25:44.863083
79.92452505111831,39.93353163460194,45.90460222801272,1716.0492533586214,7.557570771989411,5.7735089805183435,2025-11-17T00:24:44.863083
17.875003920079262,39.382615410327986,49.24159584883967,1767.605222842051,5.51031788668651,0.5256201804900551,2025-11-17T00:23:44.863083
47.26970469570947,17.161440518051908,74.83968342333768,1218.0157860223178,5.693714493626229,4.065707407892926,2025-11-17T00:22:44.863083
41.043941604673144,15.568121918662996,81.49445257085536,948.9264239959041,5.733579667106248,12.108572556803122,2025-11-17T00:21:44.863083
17.26705448491313,13.868119162594516,45.57463908183335,1747.1498694454815,7.81153133083243,20.656443233301726,2025-11-17T00:20:44.863083
36.726177393427776,18.17339323326495,65.69511990136554,1499.3356889596023,7.983431970400437,3.2892677969731556,2025-11-17T00:19:44.863083
13.943359921904355,30.83067666985813,84.09467592775385,1723.4278037595618,7.1961588726929016,23.850395102979675,2025-11-17T00:18:44.863083
50.88038108356695,37.41444395008638,92.907788904449,1724.883422605594,6.2743964081465515,4.9053912792573815,2025-11-17T00:17:44.863083
53.849605198545476,23.590442511405655,87.05429224252765,380.0570079208767,6.144350153278797,18.794973612967713,2025-11-17T00:16:44.863083
17.59893159818497,19.622932420651004,55.165100613508905,1320.668833812842,5.895331614298412,21.51511225874274,2025-11-17T00:15:44.863083
45.80337883730194,37.510651356416695,60.411544386205556,695.07246609332,5.854572071719187,0.09362736778212033,2025-11-17T00:14:44.863083
52.57259879878685,13.214700907807703,55.46230463602659,1260.689170226756,6.189214742256751,4.380607309152881,2025-11-17T00:13:44.863083
71.97772980874733,38.40373516844862,36.52862716102779,480.06258389301416,7.900031643131797,0.9446055453061569,2025-11-17T00:12:44.863083
88.21058692403778,10.139334492549663,86.78846261733653,753.1853257779492,7.846472145443242,7.923632215889636,2025-11-17T00:11:44.863083
